-- MySQL dump 10.13  Distrib 5.1.37, for debian-linux-gnu (i486)
--
-- Host: localhost    Database: clean
-- ------------------------------------------------------
-- Server version	5.1.37-1ubuntu5

/*!40101 SET @OLD_CHARACTER_SET_CLIENT=@@CHARACTER_SET_CLIENT */;
/*!40101 SET @OLD_CHARACTER_SET_RESULTS=@@CHARACTER_SET_RESULTS */;
/*!40101 SET @OLD_COLLATION_CONNECTION=@@COLLATION_CONNECTION */;
/*!40101 SET NAMES utf8 */;
/*!40103 SET @OLD_TIME_ZONE=@@TIME_ZONE */;
/*!40103 SET TIME_ZONE='+00:00' */;
/*!40014 SET @OLD_UNIQUE_CHECKS=@@UNIQUE_CHECKS, UNIQUE_CHECKS=0 */;
/*!40014 SET @OLD_FOREIGN_KEY_CHECKS=@@FOREIGN_KEY_CHECKS, FOREIGN_KEY_CHECKS=0 */;
/*!40101 SET @OLD_SQL_MODE=@@SQL_MODE, SQL_MODE='NO_AUTO_VALUE_ON_ZERO' */;
/*!40111 SET @OLD_SQL_NOTES=@@SQL_NOTES, SQL_NOTES=0 */;

--
-- Table structure for table `accounts`
--

DROP TABLE IF EXISTS `accounts`;
/*!40101 SET @saved_cs_client     = @@character_set_client */;
/*!40101 SET character_set_client = utf8 */;
CREATE TABLE `accounts` (
  `id` int(11) NOT NULL AUTO_INCREMENT,
  `name` varchar(255) DEFAULT NULL,
  `parent_id` int(11) DEFAULT NULL,
  `entity_id` int(11) DEFAULT NULL,
  `number` varchar(20) DEFAULT NULL,
  `modifier` int(11) DEFAULT NULL,
  `balance` decimal(8,2) DEFAULT '0.00',
  `is_parent` tinyint(1) DEFAULT NULL,
  PRIMARY KEY (`id`),
  KEY `entity_id` (`entity_id`),
  KEY `name` (`name`),
  KEY `parent_id` (`parent_id`)
) ENGINE=InnoDB AUTO_INCREMENT=24 DEFAULT CHARSET=latin1;
/*!40101 SET character_set_client = @saved_cs_client */;

--
-- Dumping data for table `accounts`
--

LOCK TABLES `accounts` WRITE;
/*!40000 ALTER TABLE `accounts` DISABLE KEYS */;
INSERT INTO `accounts` (`id`, `name`, `parent_id`, `entity_id`, `number`, `modifier`, `balance`, `is_parent`) VALUES (1,'Clientes Anonimos',15,3,'14101',1,'0.00',0),(2,'Activos',NULL,NULL,'1',1,'0.00',1),(3,'Pasivos',NULL,NULL,'2',-1,'0.00',1),(4,'Patrimonio',NULL,NULL,'3',-1,'0.00',0),(5,'Ingresos',NULL,NULL,'4',-1,'0.00',1),(6,'Gastos',NULL,NULL,'5',1,'0.00',1),(7,'Efectivo',2,NULL,'11',1,'0.00',1),(8,'Inventario',2,NULL,'12',1,'0.00',1),(9,'Cuenta Bancaria',2,NULL,'13',1,'0.00',0),(10,'Cuentas a Cobrar',2,NULL,'14',1,'0.00',1),(11,'Cuentas por Pagar',3,NULL,'21',-1,'0.00',1),(12,'Impuesto',3,NULL,'22',-1,'0.00',1),(13,'Empleados',11,NULL,'211',-1,'0.00',1),(14,'Proveedores',11,NULL,'212',-1,'0.00',1),(15,'Clientes',10,NULL,'141',1,'0.00',1),(16,'Efectivo en Principal',7,5,'1101',1,'0.00',0),(17,'Gastos en Principal',6,5,'501',1,'0.00',0),(18,'Ingresos en Principal',5,5,'401',-1,'0.00',0),(19,'Impuestos en Principal',12,5,'2201',-1,'0.00',0),(20,'Inventario en Principal',8,5,'1201',1,'0.00',0),(21,'Principal Proveedores',14,NULL,'21201',-1,'0.00',0),(22,'Principal Empleados',13,NULL,'21101',-1,'0.00',0),(23,'Principal Clientes',15,NULL,'14102',1,'0.00',1);
/*!40000 ALTER TABLE `accounts` ENABLE KEYS */;
UNLOCK TABLES;

--
-- Table structure for table `combo_line_types`
--

DROP TABLE IF EXISTS `combo_line_types`;
/*!40101 SET @saved_cs_client     = @@character_set_client */;
/*!40101 SET character_set_client = utf8 */;
CREATE TABLE `combo_line_types` (
  `id` int(11) NOT NULL AUTO_INCREMENT,
  `name` varchar(255) DEFAULT NULL,
  PRIMARY KEY (`id`)
) ENGINE=InnoDB DEFAULT CHARSET=latin1;
/*!40101 SET character_set_client = @saved_cs_client */;

--
-- Dumping data for table `combo_line_types`
--

LOCK TABLES `combo_line_types` WRITE;
/*!40000 ALTER TABLE `combo_line_types` DISABLE KEYS */;
/*!40000 ALTER TABLE `combo_line_types` ENABLE KEYS */;
UNLOCK TABLES;

--
-- Table structure for table `combo_lines`
--

DROP TABLE IF EXISTS `combo_lines`;
/*!40101 SET @saved_cs_client     = @@character_set_client */;
/*!40101 SET character_set_client = utf8 */;
CREATE TABLE `combo_lines` (
  `id` int(11) NOT NULL AUTO_INCREMENT,
  `product_id` int(11) DEFAULT NULL,
  `combo_id` int(11) DEFAULT NULL,
  `serialized_product_id` int(11) DEFAULT NULL,
  `created_at` datetime DEFAULT NULL,
  `updated_at` datetime DEFAULT NULL,
  `combo_line_type_id` int(11) DEFAULT NULL,
  `quantity_id` int(11) DEFAULT NULL,
  PRIMARY KEY (`id`)
) ENGINE=InnoDB DEFAULT CHARSET=latin1;
/*!40101 SET character_set_client = @saved_cs_client */;

--
-- Dumping data for table `combo_lines`
--

LOCK TABLES `combo_lines` WRITE;
/*!40000 ALTER TABLE `combo_lines` DISABLE KEYS */;
/*!40000 ALTER TABLE `combo_lines` ENABLE KEYS */;
UNLOCK TABLES;

--
-- Table structure for table `entities`
--

DROP TABLE IF EXISTS `entities`;
/*!40101 SET @saved_cs_client     = @@character_set_client */;
/*!40101 SET character_set_client = utf8 */;
CREATE TABLE `entities` (
  `id` int(11) NOT NULL AUTO_INCREMENT,
  `name` varchar(255) DEFAULT NULL,
  `entity_type_id` int(11) DEFAULT NULL,
  `created_at` datetime DEFAULT NULL,
  `updated_at` datetime DEFAULT NULL,
  `home_phone` varchar(8) DEFAULT '',
  `office_phone` varchar(8) DEFAULT '',
  `address` text,
  `birth` datetime DEFAULT NULL,
  `state_id` int(11) DEFAULT NULL,
  `cell_phone` varchar(8) DEFAULT NULL,
  `nit` varchar(14) DEFAULT NULL,
  `city` varchar(255) DEFAULT NULL,
  `email` varchar(255) DEFAULT NULL,
  `register` varchar(255) DEFAULT NULL,
  `giro` varchar(255) DEFAULT NULL,
  `price_group_id` int(11) DEFAULT NULL,
  `price_group_name_id` int(11) DEFAULT NULL,
  `user_id` int(11) DEFAULT NULL,
  `product_id` int(11) DEFAULT NULL,
  `site_id` int(11) DEFAULT NULL,
  `inventory_account_id` int(11) DEFAULT NULL,
  `cash_account_id` int(11) DEFAULT NULL,
  `revenue_account_id` int(11) DEFAULT NULL,
  `expense_account_id` int(11) DEFAULT NULL,
  `returns_account_id` int(11) DEFAULT NULL,
  `tax_account_id` int(11) DEFAULT NULL,
  `payables_account_id` int(11) DEFAULT NULL,
  `notes` text,
  `subscription_day` int(11) DEFAULT NULL,
  `active` tinyint(1) DEFAULT '1',
  `next_receipt_number` varchar(8) DEFAULT NULL,
  `client_accounts_group_id` int(11) DEFAULT NULL,
  `vendor_accounts_group_id` int(11) DEFAULT NULL,
  `next_bar_code` varchar(32) DEFAULT NULL,
  `fax` varchar(8) DEFAULT NULL,
  PRIMARY KEY (`id`),
  KEY `created_at` (`created_at`),
  KEY `entity_type_id` (`entity_type_id`),
  KEY `name` (`name`),
  KEY `site_id` (`site_id`)
) ENGINE=InnoDB AUTO_INCREMENT=10 DEFAULT CHARSET=latin1;
/*!40101 SET character_set_client = @saved_cs_client */;

--
-- Dumping data for table `entities`
--

LOCK TABLES `entities` WRITE;
/*!40000 ALTER TABLE `entities` DISABLE KEYS */;
INSERT INTO `entities` (`id`, `name`, `entity_type_id`, `created_at`, `updated_at`, `home_phone`, `office_phone`, `address`, `birth`, `state_id`, `cell_phone`, `nit`, `city`, `email`, `register`, `giro`, `price_group_id`, `price_group_name_id`, `user_id`, `product_id`, `site_id`, `inventory_account_id`, `cash_account_id`, `revenue_account_id`, `expense_account_id`, `returns_account_id`, `tax_account_id`, `payables_account_id`, `notes`, `subscription_day`, `active`, `next_receipt_number`, `client_accounts_group_id`, `vendor_accounts_group_id`, `next_bar_code`, `fax`) VALUES (1,'Consumo Interno',NULL,NULL,NULL,'','',NULL,NULL,12,NULL,NULL,NULL,NULL,NULL,NULL,NULL,NULL,NULL,NULL,NULL,NULL,NULL,NULL,NULL,NULL,NULL,NULL,NULL,NULL,1,NULL,NULL,NULL,NULL,NULL),(2,'Varios',1,NULL,NULL,'','',NULL,NULL,12,NULL,NULL,NULL,NULL,NULL,NULL,NULL,NULL,NULL,NULL,NULL,NULL,17,NULL,NULL,NULL,NULL,NULL,NULL,NULL,1,NULL,NULL,NULL,NULL,NULL),(3,'Anonimo',2,NULL,NULL,'','',NULL,NULL,12,NULL,NULL,NULL,NULL,NULL,NULL,NULL,1,1,NULL,5,NULL,1,NULL,NULL,NULL,NULL,NULL,NULL,NULL,1,NULL,NULL,NULL,NULL,NULL),(4,'No Specificado',1,NULL,NULL,'','',NULL,NULL,12,NULL,NULL,NULL,NULL,NULL,NULL,NULL,NULL,NULL,NULL,NULL,NULL,21,NULL,NULL,NULL,NULL,NULL,NULL,NULL,1,NULL,NULL,NULL,NULL,NULL),(5,'Principal',3,'2009-11-07 16:40:45','2009-12-21 13:13:47','','','',NULL,1,NULL,NULL,'','',NULL,NULL,1,NULL,NULL,NULL,NULL,20,16,18,17,NULL,19,NULL,'',NULL,1,'1',23,21,'10007',''),(9,'Anulado',2,NULL,NULL,'','',NULL,NULL,NULL,NULL,NULL,NULL,NULL,NULL,NULL,NULL,NULL,NULL,NULL,NULL,NULL,NULL,NULL,NULL,NULL,NULL,NULL,NULL,NULL,1,NULL,NULL,NULL,NULL,NULL);
/*!40000 ALTER TABLE `entities` ENABLE KEYS */;
UNLOCK TABLES;

--
-- Table structure for table `inventories`
--

DROP TABLE IF EXISTS `inventories`;
/*!40101 SET @saved_cs_client     = @@character_set_client */;
/*!40101 SET character_set_client = utf8 */;
CREATE TABLE `inventories` (
  `id` int(11) NOT NULL AUTO_INCREMENT,
  `product_id` int(11) DEFAULT NULL,
  `entity_id` int(11) DEFAULT NULL,
  `min` int(11) DEFAULT NULL,
  `max` int(11) DEFAULT NULL,
  `to_order` int(11) DEFAULT NULL,
  `created_at` date DEFAULT NULL,
  `updated_at` date DEFAULT NULL,
  `quantity` int(11) DEFAULT NULL,
  `default_warranty_sales_id` int(11) DEFAULT NULL,
  `default_warranty_purchases_id` int(11) DEFAULT NULL,
  `cost` decimal(8,2) DEFAULT NULL,
  `default_cost` decimal(8,2) DEFAULT NULL,
  PRIMARY KEY (`id`),
  KEY `entity_id` (`entity_id`),
  KEY `product_id` (`product_id`)
) ENGINE=InnoDB DEFAULT CHARSET=latin1;
/*!40101 SET character_set_client = @saved_cs_client */;

--
-- Dumping data for table `inventories`
--

LOCK TABLES `inventories` WRITE;
/*!40000 ALTER TABLE `inventories` DISABLE KEYS */;
/*!40000 ALTER TABLE `inventories` ENABLE KEYS */;
UNLOCK TABLES;

--
-- Table structure for table `lines`
--

DROP TABLE IF EXISTS `lines`;
/*!40101 SET @saved_cs_client     = @@character_set_client */;
/*!40101 SET character_set_client = utf8 */;
CREATE TABLE `lines` (
  `id` int(11) NOT NULL AUTO_INCREMENT,
  `product_id` int(11) DEFAULT NULL,
  `order_id` int(11) DEFAULT NULL,
  `quantity` int(11) DEFAULT '0',
  `price` decimal(8,2) DEFAULT '0.00',
  `received` datetime DEFAULT NULL,
  `created_at` datetime DEFAULT NULL,
  `serialized_product_id` int(11) DEFAULT NULL,
  `line_id` int(11) DEFAULT NULL,
  `warranty_price` decimal(8,2) DEFAULT '0.00',
  `warranty_id` int(11) DEFAULT NULL,
  `tax` decimal(8,2) DEFAULT '0.00',
  `previous_qty` int(11) DEFAULT NULL,
  `warranty_months` int(11) DEFAULT NULL,
  `receipt_id` int(11) DEFAULT NULL,
  `note` text,
  `sales_tax` decimal(8,2) DEFAULT '0.00',
  `order_type_id` int(11) DEFAULT NULL,
  PRIMARY KEY (`id`),
  KEY `order_id` (`order_id`),
  KEY `product_id` (`product_id`)
) ENGINE=InnoDB DEFAULT CHARSET=latin1;
/*!40101 SET character_set_client = @saved_cs_client */;

--
-- Dumping data for table `lines`
--

LOCK TABLES `lines` WRITE;
/*!40000 ALTER TABLE `lines` DISABLE KEYS */;
/*!40000 ALTER TABLE `lines` ENABLE KEYS */;
UNLOCK TABLES;

--
-- Table structure for table `logs`
--

DROP TABLE IF EXISTS `logs`;
/*!40101 SET @saved_cs_client     = @@character_set_client */;
/*!40101 SET character_set_client = utf8 */;
CREATE TABLE `logs` (
  `id` int(11) NOT NULL AUTO_INCREMENT,
  `severity` varchar(32) DEFAULT NULL,
  `created_at` datetime DEFAULT NULL,
  `msg` varchar(255) DEFAULT NULL,
  `object_class` varchar(32) DEFAULT NULL,
  `object_id` int(11) DEFAULT NULL,
  PRIMARY KEY (`id`)
) ENGINE=InnoDB DEFAULT CHARSET=latin1;
/*!40101 SET character_set_client = @saved_cs_client */;

--
-- Dumping data for table `logs`
--

LOCK TABLES `logs` WRITE;
/*!40000 ALTER TABLE `logs` DISABLE KEYS */;
/*!40000 ALTER TABLE `logs` ENABLE KEYS */;
UNLOCK TABLES;

--
-- Table structure for table `movement_types`
--

DROP TABLE IF EXISTS `movement_types`;
/*!40101 SET @saved_cs_client     = @@character_set_client */;
/*!40101 SET character_set_client = utf8 */;
CREATE TABLE `movement_types` (
  `id` int(11) NOT NULL AUTO_INCREMENT,
  `name` varchar(255) DEFAULT NULL,
  PRIMARY KEY (`id`)
) ENGINE=InnoDB AUTO_INCREMENT=16 DEFAULT CHARSET=latin1;
/*!40101 SET character_set_client = @saved_cs_client */;

--
-- Dumping data for table `movement_types`
--

LOCK TABLES `movement_types` WRITE;
/*!40000 ALTER TABLE `movement_types` DISABLE KEYS */;
INSERT INTO `movement_types` (`id`, `name`) VALUES (1,'Venta'),(2,'Compra'),(3,'Transferencia'),(4,'Cuenta Fisica'),(5,'Devolucion de Venta'),(6,'Devolucion de Compra'),(7,'Devolucion de Transferencia'),(8,'Consumo Interno'),(9,'Devolucion de Consumo Interno'),(10,'Pago'),(11,'Deposito'),(12,'Retiro'),(13,'Pago'),(14,'Deposito'),(15,'Retiro');
/*!40000 ALTER TABLE `movement_types` ENABLE KEYS */;
UNLOCK TABLES;

--
-- Table structure for table `movements`
--

DROP TABLE IF EXISTS `movements`;
/*!40101 SET @saved_cs_client     = @@character_set_client */;
/*!40101 SET character_set_client = utf8 */;
CREATE TABLE `movements` (
  `id` int(11) NOT NULL AUTO_INCREMENT,
  `entity_id` int(11) DEFAULT NULL,
  `product_id` int(11) DEFAULT NULL,
  `quantity` int(11) DEFAULT NULL,
  `movement_type_id` int(11) DEFAULT NULL,
  `user_id` int(11) DEFAULT NULL,
  `created_at` datetime DEFAULT NULL,
  `order_id` int(11) DEFAULT NULL,
  `serialized_product_id` int(11) DEFAULT NULL,
  `comments` text,
  `line_id` int(11) DEFAULT NULL,
  PRIMARY KEY (`id`),
  KEY `entity_id` (`entity_id`),
  KEY `order_id` (`order_id`),
  KEY `product_id` (`product_id`)
) ENGINE=InnoDB DEFAULT CHARSET=latin1;
/*!40101 SET character_set_client = @saved_cs_client */;

--
-- Dumping data for table `movements`
--

LOCK TABLES `movements` WRITE;
/*!40000 ALTER TABLE `movements` DISABLE KEYS */;
/*!40000 ALTER TABLE `movements` ENABLE KEYS */;
UNLOCK TABLES;

--
-- Table structure for table `order_types`
--

DROP TABLE IF EXISTS `order_types`;
/*!40101 SET @saved_cs_client     = @@character_set_client */;
/*!40101 SET character_set_client = utf8 */;
CREATE TABLE `order_types` (
  `id` int(11) NOT NULL AUTO_INCREMENT,
  `name` varchar(255) DEFAULT NULL,
  PRIMARY KEY (`id`)
) ENGINE=InnoDB AUTO_INCREMENT=10 DEFAULT CHARSET=latin1;
/*!40101 SET character_set_client = @saved_cs_client */;

--
-- Dumping data for table `order_types`
--

LOCK TABLES `order_types` WRITE;
/*!40000 ALTER TABLE `order_types` DISABLE KEYS */;
INSERT INTO `order_types` (`id`, `name`) VALUES (1,'Venta'),(2,'Compra'),(3,'Consumo Interno'),(4,'Transferencia'),(5,'Cuenta Fisica'),(6,'Abono a cuenta'),(7,'Transferencia de Fondos'),(8,'Abono a cuenta'),(9,'Transferencia de Fondos');
/*!40000 ALTER TABLE `order_types` ENABLE KEYS */;
UNLOCK TABLES;

--
-- Table structure for table `orders`
--

DROP TABLE IF EXISTS `orders`;
/*!40101 SET @saved_cs_client     = @@character_set_client */;
/*!40101 SET character_set_client = utf8 */;
CREATE TABLE `orders` (
  `id` int(11) NOT NULL AUTO_INCREMENT,
  `vendor_id` int(11) DEFAULT NULL,
  `client_id` int(11) DEFAULT NULL,
  `received` date DEFAULT NULL,
  `user_id` int(11) DEFAULT NULL,
  `created_at` datetime DEFAULT NULL,
  `updated_at` datetime DEFAULT NULL,
  `serialized_product_id` int(11) DEFAULT NULL,
  `last_batch` tinyint(1) DEFAULT NULL,
  `receipt_printed` datetime DEFAULT NULL,
  `comments` text,
  `order_type_id` int(11) DEFAULT NULL,
  `deleted` tinyint(1) DEFAULT '0',
  `grand_total` decimal(8,2) DEFAULT '0.00',
  `amount_paid` decimal(8,2) DEFAULT '0.00',
  `receipt_number` varchar(8) DEFAULT NULL,
  `next_order_id` int(11) DEFAULT NULL,
  `receipt_filename` varchar(255) DEFAULT NULL,
  `sequel_id` int(11) DEFAULT NULL,
  `prequel_id` int(11) DEFAULT NULL,
  `scanned_receipt_id` int(11) DEFAULT NULL,
  `scanned_receipt_content_type` varchar(255) DEFAULT NULL,
  `scanned_receipt_file_name` varchar(255) DEFAULT NULL,
  `scanned_receipt_file_size` int(11) DEFAULT NULL,
  PRIMARY KEY (`id`),
  KEY `client_id` (`client_id`),
  KEY `created_at` (`created_at`),
  KEY `receipt_number` (`receipt_number`),
  KEY `vendor_id` (`vendor_id`)
) ENGINE=InnoDB DEFAULT CHARSET=latin1;
/*!40101 SET character_set_client = @saved_cs_client */;

--
-- Dumping data for table `orders`
--

LOCK TABLES `orders` WRITE;
/*!40000 ALTER TABLE `orders` DISABLE KEYS */;
/*!40000 ALTER TABLE `orders` ENABLE KEYS */;
UNLOCK TABLES;

--
-- Table structure for table `payment_methods`
--

DROP TABLE IF EXISTS `payment_methods`;
/*!40101 SET @saved_cs_client     = @@character_set_client */;
/*!40101 SET character_set_client = utf8 */;
CREATE TABLE `payment_methods` (
  `id` int(11) NOT NULL AUTO_INCREMENT,
  `name` varchar(255) DEFAULT NULL,
  PRIMARY KEY (`id`)
) ENGINE=InnoDB AUTO_INCREMENT=5 DEFAULT CHARSET=latin1;
/*!40101 SET character_set_client = @saved_cs_client */;

--
-- Dumping data for table `payment_methods`
--

LOCK TABLES `payment_methods` WRITE;
/*!40000 ALTER TABLE `payment_methods` DISABLE KEYS */;
INSERT INTO `payment_methods` (`id`, `name`) VALUES (1,'Efectivo'),(2,'Cheque'),(3,'Tarjeta de Credito'),(4,'Credito');
/*!40000 ALTER TABLE `payment_methods` ENABLE KEYS */;
UNLOCK TABLES;

--
-- Table structure for table `payments`
--

DROP TABLE IF EXISTS `payments`;
/*!40101 SET @saved_cs_client     = @@character_set_client */;
/*!40101 SET character_set_client = utf8 */;
CREATE TABLE `payments` (
  `id` int(11) NOT NULL AUTO_INCREMENT,
  `order_id` int(11) DEFAULT NULL,
  `payment_method_id` int(11) DEFAULT NULL,
  `user_id` int(11) DEFAULT NULL,
  `created_at` datetime DEFAULT NULL,
  `returned` decimal(8,2) DEFAULT '0.00',
  `presented` decimal(8,2) DEFAULT '0.00',
  `canceled` tinyint(1) DEFAULT '0',
  PRIMARY KEY (`id`),
  KEY `created_at` (`created_at`),
  KEY `order_id` (`order_id`)
) ENGINE=InnoDB DEFAULT CHARSET=latin1;
/*!40101 SET character_set_client = @saved_cs_client */;

--
-- Dumping data for table `payments`
--

LOCK TABLES `payments` WRITE;
/*!40000 ALTER TABLE `payments` DISABLE KEYS */;
/*!40000 ALTER TABLE `payments` ENABLE KEYS */;
UNLOCK TABLES;

--
-- Table structure for table `people`
--

DROP TABLE IF EXISTS `people`;
/*!40101 SET @saved_cs_client     = @@character_set_client */;
/*!40101 SET character_set_client = utf8 */;
CREATE TABLE `people` (
  `id` int(11) NOT NULL AUTO_INCREMENT,
  `home_phone` varchar(8) DEFAULT '',
  `office_phone` varchar(8) DEFAULT '',
  `address` text,
  `birth` datetime DEFAULT NULL,
  `state_id` int(11) DEFAULT NULL,
  `cell_phone` varchar(8) DEFAULT NULL,
  `nit` varchar(14) DEFAULT NULL,
  `city` varchar(255) DEFAULT NULL,
  `email` varchar(255) DEFAULT NULL,
  `register` varchar(255) DEFAULT NULL,
  `giro` varchar(255) DEFAULT NULL,
  PRIMARY KEY (`id`)
) ENGINE=InnoDB DEFAULT CHARSET=latin1;
/*!40101 SET character_set_client = @saved_cs_client */;

--
-- Dumping data for table `people`
--

LOCK TABLES `people` WRITE;
/*!40000 ALTER TABLE `people` DISABLE KEYS */;
/*!40000 ALTER TABLE `people` ENABLE KEYS */;
UNLOCK TABLES;

--
-- Table structure for table `physical_count_lines`
--

DROP TABLE IF EXISTS `physical_count_lines`;
/*!40101 SET @saved_cs_client     = @@character_set_client */;
/*!40101 SET character_set_client = utf8 */;
CREATE TABLE `physical_count_lines` (
  `id` int(11) NOT NULL AUTO_INCREMENT,
  `product_id` int(11) DEFAULT NULL,
  `count` int(11) DEFAULT NULL,
  `physical_count_id` int(11) DEFAULT NULL,
  PRIMARY KEY (`id`)
) ENGINE=InnoDB DEFAULT CHARSET=latin1;
/*!40101 SET character_set_client = @saved_cs_client */;

--
-- Dumping data for table `physical_count_lines`
--

LOCK TABLES `physical_count_lines` WRITE;
/*!40000 ALTER TABLE `physical_count_lines` DISABLE KEYS */;
/*!40000 ALTER TABLE `physical_count_lines` ENABLE KEYS */;
UNLOCK TABLES;

--
-- Table structure for table `physical_counts`
--

DROP TABLE IF EXISTS `physical_counts`;
/*!40101 SET @saved_cs_client     = @@character_set_client */;
/*!40101 SET character_set_client = utf8 */;
CREATE TABLE `physical_counts` (
  `id` int(11) NOT NULL AUTO_INCREMENT,
  `created_at` datetime DEFAULT NULL,
  `entity_id` int(11) DEFAULT NULL,
  `user_id` int(11) DEFAULT NULL,
  PRIMARY KEY (`id`)
) ENGINE=InnoDB DEFAULT CHARSET=latin1;
/*!40101 SET character_set_client = @saved_cs_client */;

--
-- Dumping data for table `physical_counts`
--

LOCK TABLES `physical_counts` WRITE;
/*!40000 ALTER TABLE `physical_counts` DISABLE KEYS */;
/*!40000 ALTER TABLE `physical_counts` ENABLE KEYS */;
UNLOCK TABLES;

--
-- Table structure for table `post_types`
--

DROP TABLE IF EXISTS `post_types`;
/*!40101 SET @saved_cs_client     = @@character_set_client */;
/*!40101 SET character_set_client = utf8 */;
CREATE TABLE `post_types` (
  `id` int(11) NOT NULL AUTO_INCREMENT,
  `name` varchar(255) DEFAULT NULL,
  PRIMARY KEY (`id`)
) ENGINE=InnoDB AUTO_INCREMENT=2 DEFAULT CHARSET=latin1;
/*!40101 SET character_set_client = @saved_cs_client */;

--
-- Dumping data for table `post_types`
--

LOCK TABLES `post_types` WRITE;
/*!40000 ALTER TABLE `post_types` DISABLE KEYS */;
INSERT INTO `post_types` (`id`, `name`) VALUES (-1,'Credito'),(1,'Debito');
/*!40000 ALTER TABLE `post_types` ENABLE KEYS */;
UNLOCK TABLES;

--
-- Table structure for table `posts`
--

DROP TABLE IF EXISTS `posts`;
/*!40101 SET @saved_cs_client     = @@character_set_client */;
/*!40101 SET character_set_client = utf8 */;
CREATE TABLE `posts` (
  `id` int(11) NOT NULL AUTO_INCREMENT,
  `post_type_id` int(11) DEFAULT NULL,
  `value` decimal(8,2) DEFAULT NULL,
  `account_id` int(11) DEFAULT NULL,
  `trans_id` int(11) DEFAULT NULL,
  `balance` decimal(8,2) DEFAULT NULL,
  `created_at` datetime DEFAULT NULL,
  PRIMARY KEY (`id`),
  KEY `account_id` (`account_id`),
  KEY `created_at` (`created_at`),
  KEY `trans_id` (`trans_id`)
) ENGINE=InnoDB DEFAULT CHARSET=latin1;
/*!40101 SET character_set_client = @saved_cs_client */;

--
-- Dumping data for table `posts`
--

LOCK TABLES `posts` WRITE;
/*!40000 ALTER TABLE `posts` DISABLE KEYS */;
/*!40000 ALTER TABLE `posts` ENABLE KEYS */;
UNLOCK TABLES;

--
-- Table structure for table `preferences`
--

DROP TABLE IF EXISTS `preferences`;
/*!40101 SET @saved_cs_client     = @@character_set_client */;
/*!40101 SET character_set_client = utf8 */;
CREATE TABLE `preferences` (
  `id` int(11) NOT NULL AUTO_INCREMENT,
  `name` varchar(255) DEFAULT NULL,
  `value` int(11) DEFAULT NULL,
  `pref_group` varchar(255) DEFAULT NULL,
  PRIMARY KEY (`id`)
) ENGINE=InnoDB AUTO_INCREMENT=10 DEFAULT CHARSET=latin1;
/*!40101 SET character_set_client = @saved_cs_client */;

--
-- Dumping data for table `preferences`
--

LOCK TABLES `preferences` WRITE;
/*!40000 ALTER TABLE `preferences` DISABLE KEYS */;
INSERT INTO `preferences` (`id`, `name`, `value`, `pref_group`) VALUES (1,'Producto',1,'revenue'),(2,'Categoria',2,'revenue'),(3,'Proveedor',3,'revenue'),(4,'Sitio',5,'revenue'),(5,'Asesor',4,'revenue'),(6,'Usuario',6,'revenue'),(7,'Sitio',4,'cash'),(8,'Asesor',2,'cash'),(9,'Usuario',3,'cash');
/*!40000 ALTER TABLE `preferences` ENABLE KEYS */;
UNLOCK TABLES;

--
-- Table structure for table `price_group_names`
--

DROP TABLE IF EXISTS `price_group_names`;
/*!40101 SET @saved_cs_client     = @@character_set_client */;
/*!40101 SET character_set_client = utf8 */;
CREATE TABLE `price_group_names` (
  `id` int(11) NOT NULL AUTO_INCREMENT,
  `name` varchar(255) DEFAULT NULL,
  PRIMARY KEY (`id`)
) ENGINE=InnoDB AUTO_INCREMENT=3 DEFAULT CHARSET=latin1;
/*!40101 SET character_set_client = @saved_cs_client */;

--
-- Dumping data for table `price_group_names`
--

LOCK TABLES `price_group_names` WRITE;
/*!40000 ALTER TABLE `price_group_names` DISABLE KEYS */;
INSERT INTO `price_group_names` (`id`, `name`) VALUES (1,'Publico'),(2,'Mayoreo');
/*!40000 ALTER TABLE `price_group_names` ENABLE KEYS */;
UNLOCK TABLES;

--
-- Table structure for table `price_groups`
--

DROP TABLE IF EXISTS `price_groups`;
/*!40101 SET @saved_cs_client     = @@character_set_client */;
/*!40101 SET character_set_client = utf8 */;
CREATE TABLE `price_groups` (
  `id` int(11) NOT NULL AUTO_INCREMENT,
  `price_group_name_id` int(11) DEFAULT NULL,
  `entity_id` int(11) DEFAULT NULL,
  PRIMARY KEY (`id`)
) ENGINE=InnoDB AUTO_INCREMENT=3 DEFAULT CHARSET=latin1;
/*!40101 SET character_set_client = @saved_cs_client */;

--
-- Dumping data for table `price_groups`
--

LOCK TABLES `price_groups` WRITE;
/*!40000 ALTER TABLE `price_groups` DISABLE KEYS */;
INSERT INTO `price_groups` (`id`, `price_group_name_id`, `entity_id`) VALUES (1,1,5),(2,2,5);
/*!40000 ALTER TABLE `price_groups` ENABLE KEYS */;
UNLOCK TABLES;

--
-- Table structure for table `prices`
--

DROP TABLE IF EXISTS `prices`;
/*!40101 SET @saved_cs_client     = @@character_set_client */;
/*!40101 SET character_set_client = utf8 */;
CREATE TABLE `prices` (
  `id` int(11) NOT NULL AUTO_INCREMENT,
  `price_group_id` int(11) DEFAULT NULL,
  `product_id` int(11) DEFAULT NULL,
  `fixed` decimal(8,2) DEFAULT NULL,
  `relative` decimal(8,2) DEFAULT NULL,
  `available` tinyint(1) DEFAULT NULL,
  PRIMARY KEY (`id`),
  KEY `price_group_id` (`price_group_id`),
  KEY `product_id` (`product_id`)
) ENGINE=InnoDB DEFAULT CHARSET=latin1;
/*!40101 SET character_set_client = @saved_cs_client */;

--
-- Dumping data for table `prices`
--

LOCK TABLES `prices` WRITE;
/*!40000 ALTER TABLE `prices` DISABLE KEYS */;
/*!40000 ALTER TABLE `prices` ENABLE KEYS */;
UNLOCK TABLES;

--
-- Table structure for table `product_categories`
--

DROP TABLE IF EXISTS `product_categories`;
/*!40101 SET @saved_cs_client     = @@character_set_client */;
/*!40101 SET character_set_client = utf8 */;
CREATE TABLE `product_categories` (
  `id` int(11) NOT NULL AUTO_INCREMENT,
  `name` varchar(255) DEFAULT '',
  `revenue_account_id` int(11) DEFAULT NULL,
  PRIMARY KEY (`id`)
) ENGINE=InnoDB DEFAULT CHARSET=latin1;
/*!40101 SET character_set_client = @saved_cs_client */;

--
-- Dumping data for table `product_categories`
--

LOCK TABLES `product_categories` WRITE;
/*!40000 ALTER TABLE `product_categories` DISABLE KEYS */;
/*!40000 ALTER TABLE `product_categories` ENABLE KEYS */;
UNLOCK TABLES;

--
-- Table structure for table `product_types`
--

DROP TABLE IF EXISTS `product_types`;
/*!40101 SET @saved_cs_client     = @@character_set_client */;
/*!40101 SET character_set_client = utf8 */;
CREATE TABLE `product_types` (
  `id` int(11) NOT NULL AUTO_INCREMENT,
  `name` varchar(255) DEFAULT NULL,
  PRIMARY KEY (`id`)
) ENGINE=InnoDB AUTO_INCREMENT=5 DEFAULT CHARSET=latin1;
/*!40101 SET character_set_client = @saved_cs_client */;

--
-- Dumping data for table `product_types`
--

LOCK TABLES `product_types` WRITE;
/*!40000 ALTER TABLE `product_types` DISABLE KEYS */;
INSERT INTO `product_types` (`id`, `name`) VALUES (1,'Simple'),(2,'Discount'),(3,'Combo'),(4,'Service');
/*!40000 ALTER TABLE `product_types` ENABLE KEYS */;
UNLOCK TABLES;

--
-- Table structure for table `production_lines`
--

DROP TABLE IF EXISTS `production_lines`;
/*!40101 SET @saved_cs_client     = @@character_set_client */;
/*!40101 SET character_set_client = utf8 */;
CREATE TABLE `production_lines` (
  `id` int(11) NOT NULL AUTO_INCREMENT,
  `process_id` int(11) DEFAULT NULL,
  `job_id` int(11) DEFAULT NULL,
  `quantity` int(11) DEFAULT NULL,
  PRIMARY KEY (`id`)
) ENGINE=InnoDB DEFAULT CHARSET=latin1;
/*!40101 SET character_set_client = @saved_cs_client */;

--
-- Dumping data for table `production_lines`
--

LOCK TABLES `production_lines` WRITE;
/*!40000 ALTER TABLE `production_lines` DISABLE KEYS */;
/*!40000 ALTER TABLE `production_lines` ENABLE KEYS */;
UNLOCK TABLES;

--
-- Table structure for table `products`
--

DROP TABLE IF EXISTS `products`;
/*!40101 SET @saved_cs_client     = @@character_set_client */;
/*!40101 SET character_set_client = utf8 */;
CREATE TABLE `products` (
  `id` int(11) NOT NULL AUTO_INCREMENT,
  `name` varchar(255) DEFAULT NULL,
  `description` text,
  `vendor_id` int(11) DEFAULT NULL,
  `upc` varchar(255) DEFAULT NULL,
  `unit_id` int(11) DEFAULT NULL,
  `location` varchar(255) DEFAULT NULL,
  `created_at` datetime DEFAULT NULL,
  `model` varchar(255) DEFAULT NULL,
  `serialized` tinyint(1) DEFAULT NULL,
  `serialized_product_id` int(11) DEFAULT NULL,
  `product_type_id` int(11) DEFAULT NULL,
  `product_category_id` int(11) DEFAULT NULL,
  `blocked_by_count` int(11) DEFAULT '0',
  `revenue_account_id` int(11) DEFAULT NULL,
  `image_id` int(11) DEFAULT NULL,
  `image_content_type` varchar(255) DEFAULT NULL,
  `image_file_name` varchar(255) DEFAULT NULL,
  `image_file_size` int(11) DEFAULT NULL,
  `default_warranty_id` int(11) DEFAULT NULL,
  PRIMARY KEY (`id`),
  KEY `name` (`name`),
  KEY `product_category_id` (`product_category_id`),
  KEY `product_type_id` (`product_type_id`),
  KEY `upc` (`upc`),
  KEY `vendor_id` (`vendor_id`)
) ENGINE=InnoDB DEFAULT CHARSET=latin1;
/*!40101 SET character_set_client = @saved_cs_client */;

--
-- Dumping data for table `products`
--

LOCK TABLES `products` WRITE;
/*!40000 ALTER TABLE `products` DISABLE KEYS */;
/*!40000 ALTER TABLE `products` ENABLE KEYS */;
UNLOCK TABLES;

--
-- Table structure for table `requirements`
--

DROP TABLE IF EXISTS `requirements`;
/*!40101 SET @saved_cs_client     = @@character_set_client */;
/*!40101 SET character_set_client = utf8 */;
CREATE TABLE `requirements` (
  `id` int(11) NOT NULL AUTO_INCREMENT,
  `product_id` int(11) DEFAULT NULL,
  `required_id` int(11) DEFAULT NULL,
  `quantity` int(11) DEFAULT NULL,
  `static_price` decimal(8,2) DEFAULT NULL,
  `relative_price` decimal(8,2) DEFAULT NULL,
  PRIMARY KEY (`id`)
) ENGINE=InnoDB DEFAULT CHARSET=latin1;
/*!40101 SET character_set_client = @saved_cs_client */;

--
-- Dumping data for table `requirements`
--

LOCK TABLES `requirements` WRITE;
/*!40000 ALTER TABLE `requirements` DISABLE KEYS */;
/*!40000 ALTER TABLE `requirements` ENABLE KEYS */;
UNLOCK TABLES;

--
-- Table structure for table `rights`
--

DROP TABLE IF EXISTS `rights`;
/*!40101 SET @saved_cs_client     = @@character_set_client */;
/*!40101 SET character_set_client = utf8 */;
CREATE TABLE `rights` (
  `id` int(11) NOT NULL AUTO_INCREMENT,
  `name` varchar(255) DEFAULT NULL,
  PRIMARY KEY (`id`)
) ENGINE=InnoDB AUTO_INCREMENT=88 DEFAULT CHARSET=latin1;
/*!40101 SET character_set_client = @saved_cs_client */;

--
-- Dumping data for table `rights`
--

LOCK TABLES `rights` WRITE;
/*!40000 ALTER TABLE `rights` DISABLE KEYS */;
INSERT INTO `rights` (`id`, `name`) VALUES (1,'Crear Pagos para Ventas'),(2,'Cambiar Pagos para Ventas'),(3,'Ver Pagos para Ventas'),(4,'Borrar Pagos para Ventas'),(5,'Crear Pagos para Compras'),(6,'Cambiar Pagos para Compras'),(7,'Ver Pagos para Compras'),(8,'Borrar Pagos para Compras'),(9,'Crear Ventas'),(10,'Cambiar Ventas'),(11,'Ver Ventas'),(12,'Borrar Ventas'),(13,'Crear Compras'),(14,'Cambiar Compras'),(15,'Ver Compras'),(16,'Borrar Compras'),(17,'Crear Consumidor Final'),(18,'Cambiar Consumidor Final'),(19,'Ver Consumidor Final'),(20,'Borrar Consumidor Final'),(21,'Crear Credito Fiscal'),(22,'Cambiar Credito Fiscal'),(23,'Ver Credito Fiscal'),(24,'Borrar Credito Fiscal'),(25,'Crear Productos'),(26,'Cambiar Productos'),(27,'Ver Productos'),(28,'Borrar Productos'),(29,'Crear Suscripciones'),(30,'Cambiar Suscripciones'),(31,'Ver Suscripciones'),(32,'Borrar Suscripciones'),(33,'Crear Papeles'),(34,'Cambiar Papeles'),(35,'Ver Papeles'),(36,'Borrar Papeles'),(37,'Crear Usuarios'),(38,'Cambiar Usuarios'),(39,'Ver Usuarios'),(40,'Borrar Usuarios'),(41,'Crear Sitios'),(42,'Cambiar Sitios'),(43,'Ver Sitios'),(44,'Borrar Sitios'),(45,'Crear Cuentas Fisicas'),(46,'Cambiar Cuentas Fisicas'),(47,'Ver Cuentas Fisicas'),(48,'Borrar Cuentas Fisicas'),(49,'Ver COSTS'),(50,'Crear Cuentas'),(51,'Cambiar Cuentas'),(52,'Ver Cuentas'),(53,'Borrar Cuentas'),(54,'Crear Servicios'),(55,'Cambiar Servicios'),(56,'Ver Servicios'),(57,'Borrar Servicios'),(58,'Crear Combos'),(59,'Cambiar Combos'),(60,'Ver Combos'),(61,'Borrar Combos'),(62,'Crear Descuentos'),(63,'Cambiar Descuentos'),(64,'Ver Descuentos'),(65,'Borrar Descuentos'),(66,'Crear Garantias'),(67,'Cambiar Garantias'),(68,'Ver Garantias'),(69,'Borrar Garantias'),(70,'Crear Consumos Internos'),(71,'Cambiar Consumos Internos'),(72,'Ver Consumos Internos'),(73,'Borrar Consumos Internos'),(74,'Crear Numeros de Serie'),(75,'Cambiar Numeros de Serie'),(76,'Ver Numeros de Serie'),(77,'Borrar Numeros de Serie'),(78,'Cambiar Prices'),(79,'Crear Proveedores'),(80,'Cambiar Proveedores'),(81,'Ver Proveedores'),(82,'Borrar Proveedores'),(83,'Crear Transacciones'),(84,'Cambiar Transacciones'),(85,'Ver Transacciones'),(86,'Borrar Transacciones'),(87,'Procesar Cuentas Fisicas');
/*!40000 ALTER TABLE `rights` ENABLE KEYS */;
UNLOCK TABLES;

--
-- Table structure for table `rights_roles`
--

DROP TABLE IF EXISTS `rights_roles`;
/*!40101 SET @saved_cs_client     = @@character_set_client */;
/*!40101 SET character_set_client = utf8 */;
CREATE TABLE `rights_roles` (
  `id` int(11) NOT NULL AUTO_INCREMENT,
  `role_id` int(11) DEFAULT NULL,
  `right_id` int(11) DEFAULT NULL,
  PRIMARY KEY (`id`),
  KEY `role_id` (`role_id`)
) ENGINE=InnoDB AUTO_INCREMENT=688 DEFAULT CHARSET=latin1;
/*!40101 SET character_set_client = @saved_cs_client */;

--
-- Dumping data for table `rights_roles`
--

LOCK TABLES `rights_roles` WRITE;
/*!40000 ALTER TABLE `rights_roles` DISABLE KEYS */;
INSERT INTO `rights_roles` (`id`, `role_id`, `right_id`) VALUES (348,1,1),(349,1,2),(350,1,3),(351,1,11),(352,1,19),(353,1,23),(354,1,43),(355,1,56),(356,1,60),(357,1,64),(358,2,3),(359,2,9),(360,2,10),(361,2,11),(362,2,17),(363,2,18),(364,2,19),(365,2,21),(366,2,22),(367,2,23),(368,2,27),(369,2,43),(370,2,56),(371,2,60),(372,2,64),(373,3,5),(374,3,6),(375,3,7),(376,3,11),(377,3,13),(378,3,14),(379,3,15),(380,3,16),(381,3,25),(382,3,26),(383,3,27),(384,3,43),(385,3,49),(386,3,56),(387,3,60),(388,3,64),(389,4,3),(390,4,7),(391,4,11),(392,4,15),(393,4,43),(394,4,49),(395,4,50),(396,4,51),(397,4,52),(398,4,53),(399,5,11),(400,5,15),(401,5,19),(402,5,23),(403,5,25),(404,5,26),(405,5,27),(406,5,31),(407,5,43),(408,5,45),(409,5,46),(410,5,47),(411,5,48),(412,5,49),(413,5,56),(414,5,58),(415,5,59),(416,5,60),(417,5,64),(418,6,1),(419,6,2),(420,6,3),(421,6,5),(422,6,6),(423,6,7),(424,6,9),(425,6,10),(426,6,11),(427,6,12),(428,6,13),(429,6,14),(430,6,15),(431,6,16),(432,6,17),(433,6,18),(434,6,19),(435,6,21),(436,6,22),(437,6,23),(438,6,25),(439,6,26),(440,6,27),(441,6,29),(442,6,30),(443,6,31),(444,6,32),(445,6,43),(446,6,45),(447,6,46),(448,6,47),(449,6,48),(450,6,49),(451,6,50),(452,6,51),(453,6,52),(454,6,53),(455,6,54),(456,6,55),(457,6,56),(458,6,58),(459,6,59),(460,6,60),(461,6,62),(462,6,63),(463,6,64),(512,8,31),(513,9,29),(514,9,30),(515,9,31),(516,9,32),(517,3,66),(518,3,67),(519,3,68),(520,2,68),(521,5,68),(522,6,68),(524,6,66),(525,6,67),(530,6,70),(531,6,71),(532,6,72),(533,5,72),(534,2,72),(535,3,72),(536,4,72),(541,2,76),(542,3,76),(543,5,76),(544,6,76),(547,6,78),(548,3,79),(549,3,80),(550,3,81),(551,6,81),(552,6,79),(553,6,80),(606,7,1),(607,7,2),(608,7,3),(609,7,4),(610,7,5),(611,7,6),(612,7,7),(613,7,8),(614,7,9),(615,7,10),(616,7,11),(617,7,12),(618,7,13),(619,7,14),(620,7,15),(621,7,16),(622,7,17),(623,7,18),(624,7,19),(625,7,20),(626,7,21),(627,7,22),(628,7,23),(629,7,24),(630,7,25),(631,7,26),(632,7,27),(633,7,28),(634,7,29),(635,7,30),(636,7,31),(637,7,32),(638,7,33),(639,7,34),(640,7,35),(641,7,36),(642,7,37),(643,7,38),(644,7,39),(645,7,40),(646,7,41),(647,7,42),(648,7,43),(649,7,44),(650,7,45),(651,7,46),(652,7,47),(653,7,48),(654,7,49),(655,7,50),(656,7,51),(657,7,52),(658,7,53),(659,7,54),(660,7,55),(661,7,56),(662,7,57),(663,7,58),(664,7,59),(665,7,60),(666,7,61),(667,7,62),(668,7,63),(669,7,64),(670,7,65),(671,7,66),(672,7,67),(673,7,68),(674,7,69),(675,7,70),(676,7,71),(677,7,72),(678,7,73),(679,7,74),(680,7,75),(681,7,76),(682,7,77),(683,7,78),(684,7,79),(685,7,80),(686,7,81),(687,7,82);
/*!40000 ALTER TABLE `rights_roles` ENABLE KEYS */;
UNLOCK TABLES;

--
-- Table structure for table `roles`
--

DROP TABLE IF EXISTS `roles`;
/*!40101 SET @saved_cs_client     = @@character_set_client */;
/*!40101 SET character_set_client = utf8 */;
CREATE TABLE `roles` (
  `id` int(11) NOT NULL AUTO_INCREMENT,
  `title` varchar(255) DEFAULT NULL,
  PRIMARY KEY (`id`)
) ENGINE=InnoDB AUTO_INCREMENT=11 DEFAULT CHARSET=latin1;
/*!40101 SET character_set_client = @saved_cs_client */;

--
-- Dumping data for table `roles`
--

LOCK TABLES `roles` WRITE;
/*!40000 ALTER TABLE `roles` DISABLE KEYS */;
INSERT INTO `roles` (`id`, `title`) VALUES (1,'Cobrador'),(2,'Vendedor'),(3,'Comprador'),(4,'Contabilidad'),(5,'Inventario'),(6,'Gerente'),(7,'Admin'),(8,'Ver Suscripciones'),(9,'Cambiar Suscripciones'),(10,'admin');
/*!40000 ALTER TABLE `roles` ENABLE KEYS */;
UNLOCK TABLES;

--
-- Table structure for table `roles_users`
--

DROP TABLE IF EXISTS `roles_users`;
/*!40101 SET @saved_cs_client     = @@character_set_client */;
/*!40101 SET character_set_client = utf8 */;
CREATE TABLE `roles_users` (
  `id` int(11) NOT NULL AUTO_INCREMENT,
  `user_id` int(11) DEFAULT NULL,
  `role_id` int(11) DEFAULT NULL,
  PRIMARY KEY (`id`),
  KEY `user_id` (`user_id`)
) ENGINE=InnoDB AUTO_INCREMENT=5 DEFAULT CHARSET=latin1;
/*!40101 SET character_set_client = @saved_cs_client */;

--
-- Dumping data for table `roles_users`
--

LOCK TABLES `roles_users` WRITE;
/*!40000 ALTER TABLE `roles_users` DISABLE KEYS */;
INSERT INTO `roles_users` (`id`, `user_id`, `role_id`) VALUES (1,2,4),(2,2,7),(3,2,8),(4,2,10);
/*!40000 ALTER TABLE `roles_users` ENABLE KEYS */;
UNLOCK TABLES;

--
-- Table structure for table `schema_migrations`
--

DROP TABLE IF EXISTS `schema_migrations`;
/*!40101 SET @saved_cs_client     = @@character_set_client */;
/*!40101 SET character_set_client = utf8 */;
CREATE TABLE `schema_migrations` (
  `version` varchar(255) NOT NULL,
  UNIQUE KEY `unique_schema_migrations` (`version`)
) ENGINE=InnoDB DEFAULT CHARSET=latin1;
/*!40101 SET character_set_client = @saved_cs_client */;

--
-- Dumping data for table `schema_migrations`
--

LOCK TABLES `schema_migrations` WRITE;
/*!40000 ALTER TABLE `schema_migrations` DISABLE KEYS */;
INSERT INTO `schema_migrations` (`version`) VALUES ('0'),('1');
/*!40000 ALTER TABLE `schema_migrations` ENABLE KEYS */;
UNLOCK TABLES;

--
-- Table structure for table `serialized_products`
--

DROP TABLE IF EXISTS `serialized_products`;
/*!40101 SET @saved_cs_client     = @@character_set_client */;
/*!40101 SET character_set_client = utf8 */;
CREATE TABLE `serialized_products` (
  `id` int(11) NOT NULL AUTO_INCREMENT,
  `serial_number` varchar(255) DEFAULT NULL,
  `product_id` int(11) DEFAULT NULL,
  PRIMARY KEY (`id`),
  KEY `product_id` (`product_id`),
  KEY `serial_number` (`serial_number`)
) ENGINE=InnoDB DEFAULT CHARSET=latin1;
/*!40101 SET character_set_client = @saved_cs_client */;

--
-- Dumping data for table `serialized_products`
--

LOCK TABLES `serialized_products` WRITE;
/*!40000 ALTER TABLE `serialized_products` DISABLE KEYS */;
/*!40000 ALTER TABLE `serialized_products` ENABLE KEYS */;
UNLOCK TABLES;

--
-- Table structure for table `states`
--

DROP TABLE IF EXISTS `states`;
/*!40101 SET @saved_cs_client     = @@character_set_client */;
/*!40101 SET character_set_client = utf8 */;
CREATE TABLE `states` (
  `id` int(11) NOT NULL AUTO_INCREMENT,
  `name` varchar(255) DEFAULT NULL,
  PRIMARY KEY (`id`)
) ENGINE=InnoDB AUTO_INCREMENT=15 DEFAULT CHARSET=latin1;
/*!40101 SET character_set_client = @saved_cs_client */;

--
-- Dumping data for table `states`
--

LOCK TABLES `states` WRITE;
/*!40000 ALTER TABLE `states` DISABLE KEYS */;
INSERT INTO `states` (`id`, `name`) VALUES (1,'Ahuachapán'),(2,'Cabañas'),(3,'Chalatenango'),(4,'Cuscatlán'),(5,'La Libertad'),(6,'La Paz'),(7,'La Unión'),(8,'Morazán'),(9,'San Miguel'),(10,'San Salvador'),(11,'San Vicente'),(12,'Santa Ana'),(13,'Sonsonate'),(14,'Usulután');
/*!40000 ALTER TABLE `states` ENABLE KEYS */;
UNLOCK TABLES;

--
-- Table structure for table `subscriptions`
--

DROP TABLE IF EXISTS `subscriptions`;
/*!40101 SET @saved_cs_client     = @@character_set_client */;
/*!40101 SET character_set_client = utf8 */;
CREATE TABLE `subscriptions` (
  `id` int(11) NOT NULL AUTO_INCREMENT,
  `name` varchar(255) DEFAULT NULL,
  `client_id` int(11) DEFAULT NULL,
  `vendor_id` int(11) DEFAULT NULL,
  `quantity` int(11) DEFAULT '1',
  `end_date` datetime DEFAULT NULL,
  `end_times` int(11) DEFAULT NULL,
  `fixed_price` decimal(8,2) DEFAULT '0.00',
  `relative_price` decimal(8,2) DEFAULT '0.00',
  `last_line_id` int(11) DEFAULT NULL,
  `product_id` int(11) DEFAULT NULL,
  `frequency` int(11) DEFAULT '1',
  `created_at` datetime DEFAULT NULL,
  `next_order_date` datetime DEFAULT NULL,
  PRIMARY KEY (`id`),
  KEY `client_id` (`client_id`)
) ENGINE=InnoDB DEFAULT CHARSET=latin1;
/*!40101 SET character_set_client = @saved_cs_client */;

--
-- Dumping data for table `subscriptions`
--

LOCK TABLES `subscriptions` WRITE;
/*!40000 ALTER TABLE `subscriptions` DISABLE KEYS */;
/*!40000 ALTER TABLE `subscriptions` ENABLE KEYS */;
UNLOCK TABLES;

--
-- Table structure for table `trans`
--

DROP TABLE IF EXISTS `trans`;
/*!40101 SET @saved_cs_client     = @@character_set_client */;
/*!40101 SET character_set_client = utf8 */;
CREATE TABLE `trans` (
  `id` int(11) NOT NULL AUTO_INCREMENT,
  `order_id` int(11) DEFAULT NULL,
  `comments` text,
  `created_at` datetime DEFAULT NULL,
  `user_id` int(11) DEFAULT NULL,
  `type` varchar(255) DEFAULT NULL,
  `description` varchar(32) DEFAULT NULL,
  `payment_id` int(11) DEFAULT NULL,
  `direction` int(11) DEFAULT NULL,
  `kind_id` int(11) DEFAULT NULL,
  PRIMARY KEY (`id`),
  KEY `created_at` (`created_at`),
  KEY `order_id` (`order_id`),
  KEY `user_id` (`user_id`)
) ENGINE=InnoDB DEFAULT CHARSET=latin1;
/*!40101 SET character_set_client = @saved_cs_client */;

--
-- Dumping data for table `trans`
--

LOCK TABLES `trans` WRITE;
/*!40000 ALTER TABLE `trans` DISABLE KEYS */;
/*!40000 ALTER TABLE `trans` ENABLE KEYS */;
UNLOCK TABLES;

--
-- Table structure for table `units`
--

DROP TABLE IF EXISTS `units`;
/*!40101 SET @saved_cs_client     = @@character_set_client */;
/*!40101 SET character_set_client = utf8 */;
CREATE TABLE `units` (
  `id` int(11) NOT NULL AUTO_INCREMENT,
  `name` varchar(255) DEFAULT NULL,
  PRIMARY KEY (`id`)
) ENGINE=InnoDB AUTO_INCREMENT=8 DEFAULT CHARSET=latin1;
/*!40101 SET character_set_client = @saved_cs_client */;

--
-- Dumping data for table `units`
--

LOCK TABLES `units` WRITE;
/*!40000 ALTER TABLE `units` DISABLE KEYS */;
INSERT INTO `units` (`id`, `name`) VALUES (1,'Cada Uno'),(2,'Hora'),(3,'Caja'),(4,'Dolares'),(5,'Mes'),(6,'Libra'),(7,'Galones');
/*!40000 ALTER TABLE `units` ENABLE KEYS */;
UNLOCK TABLES;

--
-- Table structure for table `users`
--

DROP TABLE IF EXISTS `users`;
/*!40101 SET @saved_cs_client     = @@character_set_client */;
/*!40101 SET character_set_client = utf8 */;
CREATE TABLE `users` (
  `id` int(11) NOT NULL AUTO_INCREMENT,
  `login` varchar(255) DEFAULT NULL,
  `email` varchar(255) DEFAULT NULL,
  `crypted_password` varchar(40) DEFAULT NULL,
  `salt` varchar(40) DEFAULT NULL,
  `remember_token` varchar(255) DEFAULT NULL,
  `remember_token_expires_at` datetime DEFAULT NULL,
  `location_id` int(11) DEFAULT NULL,
  `default_received` tinyint(1) DEFAULT NULL,
  `price_group_name_id` int(11) DEFAULT NULL,
  `cash_account_id` int(11) DEFAULT NULL,
  `personal_account_id` int(11) DEFAULT NULL,
  `revenue_account_id` int(11) DEFAULT NULL,
  `do_accounting` tinyint(1) DEFAULT '1',
  `name` varchar(255) DEFAULT NULL,
  `default_page` varchar(255) DEFAULT NULL,
  `date` date DEFAULT NULL,
  PRIMARY KEY (`id`),
  KEY `login` (`login`)
) ENGINE=InnoDB AUTO_INCREMENT=3 DEFAULT CHARSET=latin1;
/*!40101 SET character_set_client = @saved_cs_client */;

--
-- Dumping data for table `users`
--

LOCK TABLES `users` WRITE;
/*!40000 ALTER TABLE `users` DISABLE KEYS */;
INSERT INTO `users` (`id`, `login`, `email`, `crypted_password`, `salt`, `remember_token`, `remember_token_expires_at`, `location_id`, `default_received`, `price_group_name_id`, `cash_account_id`, `personal_account_id`, `revenue_account_id`, `do_accounting`, `name`, `default_page`, `date`) VALUES (1,'Sistema Jade','','',NULL,NULL,NULL,5,NULL,1,NULL,NULL,NULL,1,'Sistema Jade',NULL,'2009-07-04'),(2,'admin','','c89386a56ed49033d07ffb6770e27f3f7f9ea993','b1547f784045f4e8857bfcffb25fbf47f69c67b6',NULL,NULL,5,0,2,NULL,NULL,NULL,1,'Administrador',NULL,'2010-01-18');
/*!40000 ALTER TABLE `users` ENABLE KEYS */;
UNLOCK TABLES;

--
-- Table structure for table `warranties`
--

DROP TABLE IF EXISTS `warranties`;
/*!40101 SET @saved_cs_client     = @@character_set_client */;
/*!40101 SET character_set_client = utf8 */;
CREATE TABLE `warranties` (
  `id` int(11) NOT NULL AUTO_INCREMENT,
  `product_id` int(11) DEFAULT NULL,
  `price` decimal(8,2) DEFAULT NULL,
  `order_type_id` int(11) DEFAULT NULL,
  `months` int(11) DEFAULT NULL,
  PRIMARY KEY (`id`),
  KEY `product_id` (`product_id`)
) ENGINE=InnoDB DEFAULT CHARSET=latin1;
/*!40101 SET character_set_client = @saved_cs_client */;

--
-- Dumping data for table `warranties`
--

LOCK TABLES `warranties` WRITE;
/*!40000 ALTER TABLE `warranties` DISABLE KEYS */;
/*!40000 ALTER TABLE `warranties` ENABLE KEYS */;
UNLOCK TABLES;
/*!40103 SET TIME_ZONE=@OLD_TIME_ZONE */;

/*!40101 SET SQL_MODE=@OLD_SQL_MODE */;
/*!40014 SET FOREIGN_KEY_CHECKS=@OLD_FOREIGN_KEY_CHECKS */;
/*!40014 SET UNIQUE_CHECKS=@OLD_UNIQUE_CHECKS */;
/*!40101 SET CHARACTER_SET_CLIENT=@OLD_CHARACTER_SET_CLIENT */;
/*!40101 SET CHARACTER_SET_RESULTS=@OLD_CHARACTER_SET_RESULTS */;
/*!40101 SET COLLATION_CONNECTION=@OLD_COLLATION_CONNECTION */;
/*!40111 SET SQL_NOTES=@OLD_SQL_NOTES */;

-- Dump completed on 2010-01-18 22:50:36
