-- MySQL dump 10.11
--
-- Host: localhost    Database: Jade
-- ------------------------------------------------------
-- Server version	5.0.67-0ubuntu6

/*!40101 SET @OLD_CHARACTER_SET_CLIENT=@@CHARACTER_SET_CLIENT */;
/*!40101 SET @OLD_CHARACTER_SET_RESULTS=@@CHARACTER_SET_RESULTS */;
/*!40101 SET @OLD_COLLATION_CONNECTION=@@COLLATION_CONNECTION */;
/*!40101 SET NAMES utf8 */;
/*!40103 SET @OLD_TIME_ZONE=@@TIME_ZONE */;
/*!40103 SET TIME_ZONE='+00:00' */;
/*!40014 SET @OLD_UNIQUE_CHECKS=@@UNIQUE_CHECKS, UNIQUE_CHECKS=0 */;
/*!40014 SET @OLD_FOREIGN_KEY_CHECKS=@@FOREIGN_KEY_CHECKS, FOREIGN_KEY_CHECKS=0 */;
/*!40101 SET @OLD_SQL_MODE=@@SQL_MODE, SQL_MODE='NO_AUTO_VALUE_ON_ZERO' */;
/*!40111 SET @OLD_SQL_NOTES=@@SQL_NOTES, SQL_NOTES=0 */;

--
-- Table structure for table `combo_line_types`
--

DROP TABLE IF EXISTS `combo_line_types`;
SET @saved_cs_client     = @@character_set_client;
SET character_set_client = utf8;
CREATE TABLE `combo_line_types` (
  `id` int(11) default NULL,
  `name` varchar(255) default NULL
) ENGINE=MyISAM DEFAULT CHARSET=latin1;
SET character_set_client = @saved_cs_client;

--
-- Dumping data for table `combo_line_types`
--

LOCK TABLES `combo_line_types` WRITE;
/*!40000 ALTER TABLE `combo_line_types` DISABLE KEYS */;
/*!40000 ALTER TABLE `combo_line_types` ENABLE KEYS */;
UNLOCK TABLES;

--
-- Table structure for table `combo_lines`
--

DROP TABLE IF EXISTS `combo_lines`;
SET @saved_cs_client     = @@character_set_client;
SET character_set_client = utf8;
CREATE TABLE `combo_lines` (
  `id` int(11) NOT NULL auto_increment,
  `product_id` int(11) default NULL,
  `combo_id` int(11) default NULL,
  `quantity` int(11) default NULL,
  `serialized_product_id` int(11) default NULL,
  `created_at` datetime default NULL,
  `updated_at` datetime default NULL,
  `combo_line_type_id` int(11) default NULL,
  PRIMARY KEY  (`id`)
) ENGINE=InnoDB DEFAULT CHARSET=latin1;
SET character_set_client = @saved_cs_client;

--
-- Dumping data for table `combo_lines`
--

LOCK TABLES `combo_lines` WRITE;
/*!40000 ALTER TABLE `combo_lines` DISABLE KEYS */;
/*!40000 ALTER TABLE `combo_lines` ENABLE KEYS */;
UNLOCK TABLES;

--
-- Table structure for table `entities`
--

DROP TABLE IF EXISTS `entities`;
SET @saved_cs_client     = @@character_set_client;
SET character_set_client = utf8;
CREATE TABLE `entities` (
  `id` int(11) NOT NULL auto_increment,
  `name` varchar(255) default NULL,
  `entity_type_id` int(11) default NULL,
  `created_at` datetime default NULL,
  `updated_at` datetime default NULL,
  `home_phone` char(8) default '',
  `office_phone` char(8) default '',
  `address` text,
  `birth` datetime default NULL,
  `state_id` int(11) default NULL,
  `cell_phone` char(8) default NULL,
  `nit` char(14) default NULL,
  `city` varchar(255) default NULL,
  `email` varchar(255) default NULL,
  `register` varchar(255) default NULL,
  `giro` varchar(255) default NULL,
  `price_group_id` int(11) default NULL,
  `price_group_name_id` int(11) default NULL,
  `user_id` int(11) default NULL,
  PRIMARY KEY  (`id`)
) ENGINE=InnoDB AUTO_INCREMENT=1273 DEFAULT CHARSET=latin1;
SET character_set_client = @saved_cs_client;

--
-- Dumping data for table `entities`
--

LOCK TABLES `entities` WRITE;
/*!40000 ALTER TABLE `entities` DISABLE KEYS */;
INSERT INTO `entities` VALUES (1,'Internal Consumption',NULL,NULL,NULL,'','',NULL,NULL,NULL,NULL,NULL,NULL,NULL,NULL,NULL,NULL,NULL,NULL),(2,'Various',1,NULL,NULL,'','',NULL,NULL,NULL,NULL,NULL,NULL,NULL,NULL,NULL,NULL,NULL,NULL),(64,'Bunny Bread',2,'2009-02-12 08:18:48','2009-03-10 15:38:44','','','','2009-02-12 00:00:00',1,'','','','','','',NULL,2,3),(1213,'Anon',1,NULL,'2009-03-25 10:25:14','','',NULL,NULL,1,NULL,NULL,NULL,NULL,NULL,NULL,NULL,NULL,NULL),(1248,'Animal Shelter',1,'2008-12-25 19:38:20','2008-12-25 19:38:20','1234','',NULL,'2009-01-04 21:27:47',1,NULL,NULL,NULL,NULL,NULL,NULL,NULL,1,NULL),(1249,'Home',3,'2008-12-25 19:43:00','2008-12-25 19:43:00','','',NULL,'2009-01-04 21:27:47',1,NULL,NULL,NULL,NULL,NULL,NULL,1,1,NULL),(1253,'Jared Martin',2,'2009-01-02 19:35:44','2009-01-28 17:54:34','24080080','75757743','Calle a Pampe, Parcelacion San Carlos, Casa # 26\r\nChalcuapa, Santa Ana, El Salvador','2009-01-04 00:00:00',1,'','','','','','',NULL,1,NULL),(1254,'asd',1,'2009-01-03 21:17:53','2009-01-03 21:17:53','','',NULL,'2009-01-04 21:27:47',1,NULL,NULL,NULL,NULL,NULL,NULL,NULL,1,NULL),(1255,'Franklin International',1,'2009-01-04 21:34:00','2009-01-04 21:51:41','','','2020 Bruck Street, Columbus, Ohio 43207','2009-01-16 00:00:00',1,NULL,NULL,NULL,NULL,NULL,NULL,NULL,1,NULL),(1256,'Fred',5,'2009-01-11 11:52:23','2009-02-12 19:28:47','24080080','24888876','123 Nowhere road','2009-01-11 00:00:00',1,'75757743','94502302801015','Chalchuapa','jaredtmartin@gmail.com','','hello',NULL,2,6),(1258,'Santa Ana',3,'2009-01-23 20:29:08','2009-01-23 20:29:08','','','','2009-01-23 00:00:00',1,'','','','','','',1,1,NULL),(1261,'Ahuachapan',3,'2009-01-29 12:54:13','2009-01-29 12:54:13','','',NULL,NULL,NULL,NULL,NULL,NULL,NULL,NULL,NULL,1,NULL,NULL),(1262,'adsf',2,'2009-02-12 07:19:21','2009-03-13 22:33:06','','','','2009-02-12 00:00:00',1,'','','','','','',NULL,1,8),(1263,'asdfgw',2,'2009-02-12 07:19:29','2009-02-12 07:19:29','','','','2009-02-12 00:00:00',1,'','','','','','',NULL,1,NULL),(1264,'Happy Land',2,'2009-02-12 08:38:34','2009-02-12 08:38:34','','','','2009-02-12 00:00:00',1,'','','','','','',NULL,1,NULL),(1265,'Home of Monkeys',2,'2009-02-12 08:42:37','2009-02-12 19:47:15','','','','2009-02-12 00:00:00',1,'','','','','','',NULL,1,6),(1266,'Yummies',1,'2009-03-05 23:00:40','2009-03-05 23:00:40','','','',NULL,1,'',NULL,'','',NULL,NULL,NULL,NULL,NULL),(1267,'Anonimo',2,'2009-03-06 20:00:31','2009-03-06 20:00:31','','','','2009-03-06 00:00:00',1,'','','','','','',NULL,1,6),(1270,'dup',2,'2009-03-10 12:15:59','2009-03-10 12:15:59','','',NULL,NULL,12,NULL,NULL,NULL,NULL,NULL,NULL,NULL,1,6),(1272,'Fruit Source',1,'2009-03-24 13:04:28','2009-03-24 13:04:28','','','',NULL,1,'',NULL,'','',NULL,NULL,NULL,NULL,NULL);
/*!40000 ALTER TABLE `entities` ENABLE KEYS */;
UNLOCK TABLES;

--
-- Table structure for table `entity_types`
--

DROP TABLE IF EXISTS `entity_types`;
SET @saved_cs_client     = @@character_set_client;
SET character_set_client = utf8;
CREATE TABLE `entity_types` (
  `id` int(11) NOT NULL auto_increment,
  `name` varchar(255) default NULL,
  `created_at` datetime default NULL,
  `updated_at` datetime default NULL,
  PRIMARY KEY  (`id`)
) ENGINE=InnoDB AUTO_INCREMENT=6 DEFAULT CHARSET=latin1;
SET character_set_client = @saved_cs_client;

--
-- Dumping data for table `entity_types`
--

LOCK TABLES `entity_types` WRITE;
/*!40000 ALTER TABLE `entity_types` DISABLE KEYS */;
INSERT INTO `entity_types` VALUES (1,'Proveedor','2008-11-06 17:39:09','2008-12-09 16:46:41'),(2,'Consumidor Final','2008-11-06 17:39:09','2008-11-06 17:39:09'),(3,'Sitio','2008-11-06 17:39:09','2008-11-06 17:39:09'),(5,'Credito Fiscal','2008-12-15 14:10:03','2008-12-15 14:10:11');
/*!40000 ALTER TABLE `entity_types` ENABLE KEYS */;
UNLOCK TABLES;

--
-- Table structure for table `inventories`
--

DROP TABLE IF EXISTS `inventories`;
SET @saved_cs_client     = @@character_set_client;
SET character_set_client = utf8;
CREATE TABLE `inventories` (
  `product_id` int(11) default NULL,
  `entity_id` int(11) default NULL,
  `min` int(11) default NULL,
  `max` int(11) default NULL,
  `to_order` int(11) default NULL,
  `id` int(11) NOT NULL auto_increment,
  `created_at` date default NULL,
  `updated_at` date default NULL,
  `quantity` int(11) default NULL,
  `default_warranty_sales_id` int(11) default NULL,
  `default_warranty_purchases_id` int(11) default NULL,
  PRIMARY KEY  (`id`)
) ENGINE=MyISAM AUTO_INCREMENT=2083 DEFAULT CHARSET=latin1;
SET character_set_client = @saved_cs_client;

--
-- Dumping data for table `inventories`
--

LOCK TABLES `inventories` WRITE;
/*!40000 ALTER TABLE `inventories` DISABLE KEYS */;
INSERT INTO `inventories` VALUES (429,1249,NULL,NULL,0,1713,'2009-01-02','2009-03-23',25,NULL,NULL),(430,1249,NULL,NULL,NULL,1714,'2009-01-02','2009-01-22',-1,NULL,NULL),(431,1249,NULL,NULL,0,1715,'2009-01-02','2009-03-28',0,NULL,NULL),(432,1249,42,NULL,0,1716,'2009-01-02','2009-03-24',38,NULL,NULL),(433,1249,1,5,0,1717,'2009-01-04','2009-03-23',3,NULL,NULL),(434,1249,2,5,0,1718,'2009-01-04','2009-03-31',6,NULL,NULL),(435,1249,2,4,0,1719,'2009-01-04','2009-01-04',5,NULL,NULL),(436,1249,7,8,0,1720,'2009-01-04','2009-02-17',3,NULL,NULL),(437,1249,NULL,NULL,0,1726,'2009-01-06','2009-03-24',0,NULL,NULL),(438,1249,0,0,0,1727,'2009-01-24','2009-03-24',0,NULL,NULL),(438,1258,0,0,0,1728,'2009-01-24','2009-01-24',0,NULL,NULL),(429,1261,2,0,0,1729,'2009-01-29','2009-02-19',11,NULL,NULL),(430,1261,0,0,0,1730,'2009-01-29','2009-01-29',0,NULL,NULL),(431,1261,0,0,0,1731,'2009-01-29','2009-01-29',0,NULL,NULL),(432,1261,0,0,0,1732,'2009-01-29','2009-01-29',0,NULL,NULL),(433,1261,0,0,0,1733,'2009-01-29','2009-01-29',0,NULL,NULL),(434,1261,0,0,0,1734,'2009-01-29','2009-01-29',0,NULL,NULL),(435,1261,0,0,0,1735,'2009-01-29','2009-01-29',0,NULL,NULL),(436,1261,0,0,0,1736,'2009-01-29','2009-01-29',0,NULL,NULL),(437,1261,0,0,0,1737,'2009-01-29','2009-01-29',0,NULL,NULL),(438,1261,0,0,0,1738,'2009-01-29','2009-01-29',0,NULL,NULL),(439,1249,NULL,NULL,0,1748,'2009-02-07','2009-03-28',0,NULL,NULL),(439,1258,0,0,0,1749,'2009-02-07','2009-02-07',0,NULL,NULL),(439,1261,0,0,0,1750,'2009-02-07','2009-02-07',0,NULL,NULL),(440,1249,NULL,NULL,0,1751,'2009-02-07','2009-03-28',0,NULL,NULL),(440,1258,0,0,0,1752,'2009-02-07','2009-02-07',0,NULL,NULL),(440,1261,0,0,0,1753,'2009-02-07','2009-02-07',0,NULL,NULL),(441,1249,NULL,NULL,0,1754,'2009-02-07','2009-03-28',100,NULL,NULL),(441,1258,0,0,0,1755,'2009-02-07','2009-02-07',0,NULL,NULL),(441,1261,0,0,0,1756,'2009-02-07','2009-02-07',0,NULL,NULL),(442,1249,NULL,NULL,0,1757,'2009-02-07','2009-03-28',1,NULL,NULL),(442,1258,0,0,0,1758,'2009-02-07','2009-02-07',0,NULL,NULL),(442,1261,0,0,0,1759,'2009-02-07','2009-02-07',0,NULL,NULL),(443,1249,NULL,NULL,0,1760,'2009-02-09','2009-03-28',0,NULL,NULL),(443,1258,0,0,0,1761,'2009-02-09','2009-02-09',0,NULL,NULL),(443,1261,0,0,0,1762,'2009-02-09','2009-02-09',0,NULL,NULL),(444,1249,0,0,0,1772,'2009-02-09','2009-02-09',0,NULL,NULL),(444,1258,0,0,0,1773,'2009-02-09','2009-02-09',0,NULL,NULL),(444,1261,0,0,0,1774,'2009-02-09','2009-02-09',0,NULL,NULL),(445,1249,NULL,NULL,0,1778,'2009-02-09','2009-03-28',0,NULL,NULL),(445,1258,0,0,0,1779,'2009-02-09','2009-02-09',0,NULL,NULL),(445,1261,0,0,0,1780,'2009-02-09','2009-02-09',0,NULL,NULL),(447,1249,0,0,0,1829,'2009-02-09','2009-02-09',0,NULL,NULL),(447,1258,0,0,0,1830,'2009-02-09','2009-02-09',0,NULL,NULL),(447,1261,0,0,0,1831,'2009-02-09','2009-02-09',0,NULL,NULL),(448,1249,0,0,0,1838,'2009-02-10','2009-02-10',0,NULL,NULL),(448,1258,0,0,0,1839,'2009-02-10','2009-02-10',0,NULL,NULL),(448,1261,0,0,0,1840,'2009-02-10','2009-02-10',0,NULL,NULL),(449,1249,0,0,0,1844,'2009-02-10','2009-02-10',0,NULL,NULL),(449,1258,0,0,0,1845,'2009-02-10','2009-02-10',0,NULL,NULL),(449,1261,0,0,0,1846,'2009-02-10','2009-02-10',0,NULL,NULL),(450,1249,0,0,0,1847,'2009-02-11','2009-02-11',-1,NULL,NULL),(450,1258,0,0,0,1848,'2009-02-11','2009-02-11',0,NULL,NULL),(450,1261,0,0,0,1849,'2009-02-11','2009-02-11',0,NULL,NULL),(451,1249,0,0,0,1955,'2009-02-16','2009-03-28',23,NULL,NULL),(451,1258,0,0,34,1956,'2009-02-16','2009-02-17',0,NULL,NULL),(451,1261,2,NULL,0,1957,'2009-02-16','2009-02-19',0,NULL,NULL),(452,1249,0,0,0,1961,'2009-02-16','2009-03-28',0,NULL,NULL),(452,1258,0,0,0,1962,'2009-02-16','2009-02-16',0,NULL,NULL),(452,1261,NULL,NULL,0,1963,'2009-02-16','2009-02-16',0,NULL,NULL),(453,1249,0,0,0,1964,'2009-02-16','2009-02-16',0,NULL,NULL),(453,1258,0,0,0,1965,'2009-02-16','2009-02-16',0,NULL,NULL),(453,1261,5,10,0,1966,'2009-02-16','2009-02-17',0,NULL,NULL),(454,1249,0,0,0,1967,'2009-02-16','2009-02-16',0,NULL,NULL),(454,1258,0,0,0,1968,'2009-02-16','2009-02-16',0,NULL,NULL),(454,1261,0,0,0,1969,'2009-02-16','2009-02-16',0,NULL,NULL),(455,1249,4,10,0,1970,'2009-02-17','2009-03-28',7,NULL,NULL),(455,1258,21,0,0,1971,'2009-02-17','2009-02-17',0,NULL,NULL),(455,1261,5,10,NULL,1972,'2009-02-17','2009-02-19',0,NULL,NULL),(456,1249,3,23,0,1973,'2009-02-17','2009-03-28',25,NULL,NULL),(456,1258,0,55,0,1974,'2009-02-17','2009-02-17',0,NULL,NULL),(456,1261,3,5,0,1975,'2009-02-17','2009-02-19',0,NULL,NULL),(457,1249,0,0,0,1976,'2009-02-17','2009-02-17',7,NULL,NULL),(457,1258,0,0,0,1977,'2009-02-17','2009-02-17',0,NULL,NULL),(457,1261,0,0,0,1978,'2009-02-17','2009-02-17',0,NULL,NULL),(458,1249,0,0,0,1979,'2009-02-17','2009-02-17',7,NULL,NULL),(458,1258,0,0,0,1980,'2009-02-17','2009-02-17',0,NULL,NULL),(458,1261,0,0,0,1981,'2009-02-17','2009-02-17',0,NULL,NULL),(459,1249,0,0,0,1982,'2009-02-18','2009-03-28',0,NULL,NULL),(459,1258,0,0,0,1983,'2009-02-18','2009-02-18',0,NULL,NULL),(459,1261,3,5,0,1984,'2009-02-18','2009-02-18',0,NULL,NULL),(460,1249,NULL,NULL,0,1985,'2009-02-19','2009-03-28',0,NULL,NULL),(460,1258,0,0,0,1986,'2009-02-19','2009-02-19',0,NULL,NULL),(460,1261,0,0,0,1987,'2009-02-19','2009-02-19',0,NULL,NULL),(461,1249,NULL,NULL,0,1988,'2009-02-19','2009-03-28',0,NULL,NULL),(461,1258,0,0,0,1989,'2009-02-19','2009-02-19',0,NULL,NULL),(461,1261,0,0,0,1990,'2009-02-19','2009-02-19',0,NULL,NULL),(462,1249,25,100,0,1991,'2009-03-05','2009-03-28',222,NULL,NULL),(462,1258,0,0,0,1992,'2009-03-05','2009-03-05',0,NULL,NULL),(462,1261,0,0,0,1993,'2009-03-05','2009-03-05',0,NULL,NULL),(463,1249,NULL,NULL,0,1994,'2009-03-05','2009-03-28',0,NULL,NULL),(463,1258,0,0,0,1995,'2009-03-05','2009-03-05',0,NULL,NULL),(463,1261,0,0,0,1996,'2009-03-05','2009-03-05',0,NULL,NULL),(464,1249,4,10,0,2065,'2009-03-24','2009-03-28',10,NULL,NULL),(464,1258,0,0,0,2066,'2009-03-24','2009-03-24',0,NULL,NULL),(464,1261,0,0,0,2067,'2009-03-24','2009-03-24',0,NULL,NULL),(NULL,1249,0,0,0,2068,'2009-03-24','2009-03-24',0,NULL,NULL),(NULL,1258,0,0,0,2069,'2009-03-24','2009-03-24',0,NULL,NULL),(NULL,1261,0,0,0,2070,'2009-03-24','2009-03-24',0,NULL,NULL),(465,1249,5,NULL,0,2071,'2009-03-24','2009-03-28',9,NULL,NULL),(465,1258,0,0,0,2072,'2009-03-24','2009-03-24',0,NULL,NULL),(465,1261,0,0,0,2073,'2009-03-24','2009-03-24',0,NULL,NULL),(466,1249,3,6,0,2074,'2009-03-24','2009-03-28',17,NULL,NULL),(466,1258,0,0,0,2075,'2009-03-24','2009-03-24',0,NULL,NULL),(466,1261,0,0,0,2076,'2009-03-24','2009-03-24',0,NULL,NULL),(467,1249,NULL,NULL,0,2077,'2009-03-26','2009-03-28',21,NULL,NULL),(467,1258,0,0,0,2078,'2009-03-26','2009-03-26',0,NULL,NULL),(467,1261,0,0,0,2079,'2009-03-26','2009-03-26',0,NULL,NULL),(468,1249,3,10,0,2080,'2009-03-26','2009-03-28',3,NULL,NULL),(468,1258,0,0,0,2081,'2009-03-26','2009-03-26',0,NULL,NULL),(468,1261,0,0,0,2082,'2009-03-26','2009-03-26',0,NULL,NULL);
/*!40000 ALTER TABLE `inventories` ENABLE KEYS */;
UNLOCK TABLES;

--
-- Table structure for table `lines`
--

DROP TABLE IF EXISTS `lines`;
SET @saved_cs_client     = @@character_set_client;
SET character_set_client = utf8;
CREATE TABLE `lines` (
  `id` int(11) NOT NULL auto_increment,
  `product_id` int(11) default NULL,
  `order_id` int(11) default NULL,
  `quantity` int(11) default NULL,
  `price` decimal(7,2) default NULL,
  `received` datetime default NULL,
  `created_at` datetime default NULL,
  `updated_at` datetime default NULL,
  `serialized_product_id` int(11) default NULL,
  `line_id` int(11) default NULL,
  `warranty_price` decimal(7,2) default NULL,
  `warranty_id` int(11) default NULL,
  `tax` decimal(7,2) default NULL,
  `previous_qty` int(11) default NULL,
  `warranty_months` int(11) default NULL,
  PRIMARY KEY  (`id`)
) ENGINE=InnoDB AUTO_INCREMENT=1070 DEFAULT CHARSET=latin1;
SET character_set_client = @saved_cs_client;

--
-- Dumping data for table `lines`
--

LOCK TABLES `lines` WRITE;
/*!40000 ALTER TABLE `lines` DISABLE KEYS */;
INSERT INTO `lines` VALUES (657,429,1159,1,'10.00','2008-12-25 19:57:42','2008-12-25 19:57:42','2009-01-04 22:23:10',NULL,NULL,NULL,NULL,'1.50',NULL,NULL),(658,429,1160,1,'20.00','2008-12-25 20:16:23','2008-12-25 20:16:23','2009-01-04 22:23:10',NULL,NULL,NULL,NULL,'3.00',NULL,NULL),(659,429,1161,1,'15.00','2008-12-25 20:20:10','2008-12-25 20:20:10','2009-01-04 22:23:10',NULL,NULL,NULL,NULL,'2.25',NULL,NULL),(660,429,1162,1,'15.00','2008-12-25 20:20:51','2008-12-25 20:20:51','2009-01-04 22:23:10',NULL,NULL,NULL,NULL,'2.25',NULL,NULL),(667,429,1175,1,'18.75','2009-01-02 19:58:11','2009-01-02 19:58:11','2009-01-11 17:36:52',NULL,NULL,NULL,NULL,'2.81',NULL,NULL),(668,429,1176,1,'18.75','2009-01-02 20:06:00','2009-01-02 20:06:00','2009-01-11 17:36:52',NULL,NULL,NULL,NULL,'2.81',NULL,NULL),(669,429,1177,1,'18.75','2009-01-02 20:07:29','2009-01-02 20:07:29','2009-01-11 17:36:52',NULL,NULL,NULL,NULL,'2.81',NULL,NULL),(670,429,1178,1,'18.75','2009-01-02 20:09:42','2009-01-02 20:09:42','2009-01-12 00:37:42',NULL,NULL,'0.00',15,'2.81',NULL,NULL),(671,429,1179,1,'18.75','2009-01-02 20:38:47','2009-01-02 20:27:35','2009-01-11 17:36:52',NULL,NULL,NULL,NULL,'2.81',NULL,NULL),(672,429,1180,3,'18.75','2009-01-02 20:49:59','2009-01-02 20:49:29','2009-01-11 17:36:52',NULL,NULL,NULL,NULL,'8.44',NULL,NULL),(673,429,1180,1,'0.00','2009-01-02 20:52:38','2009-01-02 20:52:38','2009-01-04 22:23:10',NULL,NULL,NULL,NULL,'0.00',NULL,NULL),(674,429,1162,1,'18.75','2009-01-02 20:55:29','2009-01-02 20:55:29','2009-01-11 17:36:52',NULL,NULL,NULL,NULL,'2.81',NULL,NULL),(675,429,1162,1,'18.75','2009-01-02 20:55:55','2009-01-02 20:55:55','2009-01-11 17:36:52',NULL,NULL,NULL,NULL,'2.81',NULL,NULL),(676,432,1181,1,'1.00','2009-01-02 21:05:39','2009-01-02 21:05:39','2009-01-04 22:23:10',1,NULL,'0.00',NULL,'0.15',NULL,NULL),(677,432,1181,1,'1.00','2009-01-02 21:05:39','2009-01-02 21:05:39','2009-01-04 22:23:10',2,NULL,'0.00',NULL,'0.15',NULL,NULL),(678,432,1181,1,'1.00','2009-01-02 21:05:39','2009-01-02 21:05:39','2009-01-04 22:23:10',3,NULL,'0.00',NULL,'0.15',NULL,NULL),(679,432,1182,1,'0.00','2009-01-02 21:09:56','2009-01-02 21:09:56','2009-01-04 22:23:10',4,NULL,'0.00',NULL,'0.00',NULL,NULL),(680,432,1183,1,'0.00','2009-01-02 21:16:13','2009-01-02 21:16:13','2009-01-04 22:23:10',5,NULL,'0.00',NULL,'0.00',NULL,NULL),(681,432,1186,1,'0.00','2009-01-03 21:54:35','2009-01-02 21:20:22','2009-01-04 22:23:10',17,NULL,'0.00',NULL,'0.00',NULL,NULL),(682,432,1187,1,'0.00','2009-01-02 21:20:52','2009-01-02 21:20:52','2009-01-04 22:23:10',7,NULL,'0.00',NULL,'0.00',NULL,NULL),(683,429,1188,1,'19.69','2009-01-03 20:08:33','2009-01-03 20:08:33','2009-01-11 17:36:52',NULL,NULL,NULL,NULL,'2.95',NULL,NULL),(684,432,1188,1,'0.00',NULL,'2009-01-03 20:08:33','2009-01-04 22:23:10',8,NULL,'0.00',NULL,'0.00',NULL,NULL),(685,432,1189,1,'0.00','2009-01-03 20:21:00','2009-01-03 20:21:00','2009-01-04 22:23:10',9,NULL,'0.00',NULL,'0.00',NULL,NULL),(686,432,1190,1,'0.00','2009-01-03 21:05:45','2009-01-03 20:27:16','2009-01-04 22:23:10',11,NULL,'0.00',NULL,'0.00',NULL,NULL),(687,432,1190,1,'0.00','2009-01-03 21:17:05','2009-01-03 21:16:52','2009-01-04 22:23:10',12,NULL,'0.00',NULL,'0.00',NULL,NULL),(688,432,1191,1,'0.00','2009-01-03 21:22:11','2009-01-03 21:22:11','2009-01-04 22:23:10',13,NULL,'0.00',NULL,'0.00',NULL,NULL),(689,432,1192,1,'0.00','2009-01-03 21:42:50','2009-01-03 21:42:50','2009-01-04 22:23:10',14,NULL,'0.00',NULL,'0.00',NULL,NULL),(690,432,1193,1,'0.00','2009-01-03 21:49:57','2009-01-03 21:49:57','2009-01-04 22:23:10',15,NULL,NULL,NULL,'0.00',NULL,NULL),(691,432,1194,1,'0.00','2009-01-03 21:51:16','2009-01-03 21:51:16','2009-01-04 22:23:10',16,NULL,'0.00',NULL,'0.00',NULL,NULL),(692,429,1185,1,'16.41','2009-01-03 21:58:09','2009-01-03 21:58:09','2009-01-11 17:36:52',NULL,NULL,NULL,NULL,'2.46',NULL,NULL),(693,432,1185,1,'0.00',NULL,'2009-01-03 21:58:09','2009-01-04 22:23:10',18,NULL,NULL,NULL,'0.00',NULL,NULL),(694,432,1195,1,'0.00','2009-01-03 21:59:30','2009-01-03 21:59:30','2009-01-04 22:23:10',19,NULL,NULL,NULL,'0.00',NULL,NULL),(695,432,1196,1,'0.00','2009-01-03 22:18:42','2009-01-03 22:18:42','2009-01-04 22:23:10',20,NULL,'0.00',NULL,'0.00',NULL,NULL),(696,432,1197,1,'0.00','2009-01-03 22:22:28','2009-01-03 22:22:28','2009-01-04 22:23:10',21,NULL,'0.00',NULL,'0.00',NULL,NULL),(697,432,1198,1,'0.00','2009-01-03 22:26:25','2009-01-03 22:26:25','2009-01-04 22:23:10',22,NULL,'0.00',NULL,'0.00',NULL,NULL),(698,432,1199,1,'0.00','2009-01-03 22:29:08','2009-01-03 22:29:08','2009-01-04 22:23:10',23,NULL,'0.00',NULL,'0.00',NULL,NULL),(699,432,1200,1,'0.00','2009-01-03 22:30:40','2009-01-03 22:30:40','2009-01-04 22:23:10',24,NULL,'0.00',NULL,'0.00',NULL,NULL),(700,432,1201,1,'0.00',NULL,'2009-01-03 22:31:02','2009-01-04 22:23:10',NULL,NULL,'0.00',NULL,'0.00',NULL,NULL),(701,432,1202,1,'0.00','2009-01-03 22:31:20','2009-01-03 22:31:20','2009-01-04 22:23:10',25,NULL,'0.00',NULL,'0.00',NULL,NULL),(702,432,1203,1,'0.00','2009-01-03 22:32:50','2009-01-03 22:32:50','2009-01-04 22:23:10',26,NULL,'0.00',NULL,'0.00',NULL,NULL),(703,432,1204,1,'0.00','2009-01-03 22:33:35','2009-01-03 22:33:35','2009-01-04 22:23:10',27,NULL,'0.00',NULL,'0.00',NULL,NULL),(704,432,1205,1,'0.00','2009-01-03 22:35:25','2009-01-03 22:35:25','2009-01-04 22:23:10',28,NULL,'0.00',NULL,'0.00',NULL,NULL),(705,432,1206,1,'0.00','2009-01-03 22:38:01','2009-01-03 22:38:01','2009-01-04 22:23:10',29,NULL,'0.00',NULL,'0.00',NULL,NULL),(706,432,1207,1,'0.00','2009-01-03 22:47:24','2009-01-03 22:47:24','2009-01-04 22:23:10',30,NULL,'0.00',NULL,'0.00',NULL,NULL),(707,432,1208,1,'0.00','2009-01-03 22:49:16','2009-01-03 22:49:16','2009-01-04 22:23:10',31,NULL,'0.00',NULL,'0.00',NULL,NULL),(708,432,1210,1,'0.00','2009-01-03 22:54:17','2009-01-03 22:54:17','2009-01-04 22:23:10',32,NULL,'0.00',NULL,'0.00',NULL,NULL),(709,432,1211,1,'0.00','2009-01-03 22:56:04','2009-01-03 22:56:04','2009-01-04 22:23:10',33,NULL,'0.00',NULL,'0.00',NULL,NULL),(710,432,1212,1,'0.00','2009-01-03 22:59:50','2009-01-03 22:59:50','2009-01-04 22:23:10',34,NULL,'0.00',NULL,'0.00',NULL,NULL),(711,432,1213,1,'0.00','2009-01-03 23:02:47','2009-01-03 23:02:47','2009-01-04 22:23:10',35,NULL,'0.00',NULL,'0.00',NULL,NULL),(712,432,1217,1,'0.00','2009-01-03 23:13:06','2009-01-03 23:13:06','2009-01-04 22:23:10',38,NULL,'0.00',NULL,'0.00',NULL,NULL),(713,432,1218,1,'0.00','2009-01-03 23:14:43','2009-01-03 23:14:37','2009-01-04 22:23:10',32,NULL,'0.00',NULL,'0.00',NULL,NULL),(714,432,1221,1,'0.00','2009-01-04 08:31:18','2009-01-04 08:31:18','2009-01-04 22:23:11',40,NULL,'0.00',NULL,'0.00',NULL,NULL),(715,432,1222,1,'4.00','2009-01-04 08:57:01','2009-01-04 08:35:02','2009-01-04 22:23:11',42,NULL,'0.00',NULL,'0.60',NULL,NULL),(716,432,1223,1,'20.00','2009-01-04 09:00:49','2009-01-04 09:00:49','2009-01-11 22:08:43',42,NULL,'10.00',NULL,'4.50',NULL,NULL),(717,429,1222,1,'664.06','2009-01-04 09:07:39','2009-01-04 09:07:39','2009-01-11 17:36:52',NULL,NULL,'0.00',NULL,'99.61',NULL,NULL),(718,429,1222,1,'12.30','2009-01-04 09:07:48','2009-01-04 09:07:48','2009-01-11 17:36:52',NULL,NULL,'0.00',NULL,'1.85',NULL,NULL),(719,429,1222,1,'10.94','2009-01-04 09:08:41','2009-01-04 09:08:41','2009-01-11 17:36:52',NULL,NULL,'0.00',NULL,'1.64',NULL,NULL),(720,429,1222,1,'7.00','2009-01-04 09:16:37','2009-01-04 09:16:37','2009-01-04 22:23:11',NULL,NULL,'0.00',NULL,'1.05',NULL,NULL),(721,433,1224,3,'0.00','2009-01-04 09:36:50','2009-01-04 09:36:50','2009-01-04 22:23:11',NULL,NULL,NULL,NULL,'0.00',NULL,NULL),(722,429,1225,1,'19.71',NULL,'2009-01-04 09:42:39','2009-01-11 17:36:52',NULL,NULL,'0.00',NULL,'2.96',NULL,NULL),(723,432,1225,1,'77.00',NULL,'2009-01-04 09:49:59','2009-01-11 17:36:52',NULL,NULL,'15.00',NULL,'13.80',NULL,NULL),(726,429,1225,1,'82.11','2009-01-04 11:02:57','2009-01-04 11:02:57','2009-01-11 17:36:52',NULL,NULL,NULL,NULL,'12.32',NULL,NULL),(727,432,1226,1,'0.00','2009-01-04 11:07:06','2009-01-04 11:07:06','2009-01-11 17:36:52',32,NULL,'10.00',21,'1.50',NULL,NULL),(728,429,1216,1,'77.34',NULL,'2009-01-04 11:45:05','2009-02-10 15:53:34',NULL,NULL,'0.00',15,'11.60',NULL,NULL),(729,432,1228,1,'0.00','2009-01-04 12:39:23','2009-01-04 12:39:23','2009-01-04 22:23:11',43,NULL,'0.00',NULL,'0.00',NULL,NULL),(730,432,1230,1,'0.00','2009-01-04 12:45:53','2009-01-04 12:45:54','2009-01-04 22:23:11',44,NULL,'0.00',NULL,'0.00',NULL,NULL),(731,434,1231,1,'0.00','2009-01-04 18:45:29','2009-01-04 18:45:29','2009-01-04 22:23:11',45,NULL,'0.00',NULL,'0.00',NULL,NULL),(732,434,1231,1,'0.00','2009-01-04 18:48:52','2009-01-04 18:48:52','2009-01-04 22:23:11',46,NULL,'0.00',NULL,'0.00',NULL,NULL),(733,434,1231,1,'0.00','2009-01-04 18:49:13','2009-01-04 18:49:13','2009-01-04 22:23:11',47,NULL,'0.00',NULL,'0.00',NULL,NULL),(734,434,1231,1,'0.00','2009-01-04 18:49:13','2009-01-04 18:49:13','2009-01-04 22:23:11',48,NULL,'0.00',NULL,'0.00',NULL,NULL),(735,434,1231,1,'0.00','2009-01-04 18:50:12','2009-01-04 18:50:12','2009-01-04 22:23:11',45,NULL,'0.00',NULL,'0.00',NULL,NULL),(736,435,1232,5,'3.00','2009-01-04 21:52:57','2009-01-04 21:52:57','2009-01-04 22:23:11',NULL,NULL,'0.00',27,'2.25',NULL,NULL),(737,436,1232,1,'0.00','2009-01-04 22:04:33','2009-01-04 21:54:07','2009-01-04 22:23:11',52,NULL,'0.00',28,'0.00',NULL,NULL),(738,436,1232,1,'0.00','2009-01-04 22:04:33','2009-01-04 21:54:07','2009-01-04 22:23:11',53,NULL,'0.00',28,'0.00',NULL,NULL),(739,436,1232,1,'0.00','2009-01-04 22:04:33','2009-01-04 21:54:07','2009-01-04 22:23:11',54,NULL,'0.00',28,'0.00',NULL,NULL),(740,436,1233,1,'0.00','2009-01-06 15:24:32','2009-01-06 15:23:29','2009-01-06 15:24:32',46,NULL,'0.00',28,'0.00',NULL,NULL),(741,436,1233,1,'0.00',NULL,'2009-01-06 15:23:29','2009-01-06 15:24:32',NULL,NULL,'0.00',28,'0.00',NULL,NULL),(742,436,1233,1,'0.00',NULL,'2009-01-06 15:23:29','2009-01-06 15:24:32',NULL,NULL,'0.00',28,'0.00',NULL,NULL),(743,436,1233,1,'0.00',NULL,'2009-01-06 15:23:29','2009-01-06 15:24:32',NULL,NULL,'0.00',28,'0.00',NULL,NULL),(744,436,1233,1,'0.00',NULL,'2009-01-06 15:23:29','2009-01-06 15:24:32',NULL,NULL,'0.00',28,'0.00',NULL,NULL),(745,436,1233,1,'0.00',NULL,'2009-01-06 15:23:29','2009-01-06 15:24:32',NULL,NULL,'0.00',28,'0.00',NULL,NULL),(746,436,1233,1,'0.00',NULL,'2009-01-06 15:23:29','2009-01-06 15:24:32',NULL,NULL,'0.00',28,'0.00',NULL,NULL),(747,436,1233,1,'0.00',NULL,'2009-01-06 15:23:29','2009-01-06 15:24:32',NULL,NULL,'0.00',28,'0.00',NULL,NULL),(748,436,1234,1,'0.00','2009-01-06 15:26:26','2009-01-06 15:26:27','2009-01-06 15:26:27',46,NULL,'0.00',28,'0.00',NULL,NULL),(749,436,1235,1,'0.00',NULL,'2009-01-06 17:49:05','2009-01-06 17:49:05',NULL,NULL,NULL,NULL,'0.00',NULL,NULL),(750,436,1235,1,'0.00',NULL,'2009-01-06 17:49:05','2009-01-06 17:49:05',NULL,NULL,NULL,NULL,'0.00',NULL,NULL),(751,436,1235,1,'0.00',NULL,'2009-01-06 17:49:05','2009-01-06 17:49:05',NULL,NULL,NULL,NULL,'0.00',NULL,NULL),(752,436,1235,1,'0.00',NULL,'2009-01-06 17:49:05','2009-01-06 17:49:05',NULL,NULL,NULL,NULL,'0.00',NULL,NULL),(753,436,1235,1,'0.00',NULL,'2009-01-06 17:49:05','2009-01-06 17:49:05',NULL,NULL,NULL,NULL,'0.00',NULL,NULL),(754,436,1235,1,'0.00',NULL,'2009-01-06 17:49:05','2009-01-06 17:49:05',NULL,NULL,NULL,NULL,'0.00',NULL,NULL),(755,436,1235,1,'0.00',NULL,'2009-01-06 17:49:05','2009-01-06 17:49:05',NULL,NULL,NULL,NULL,'0.00',NULL,NULL),(756,436,1235,1,'0.00',NULL,'2009-01-06 17:49:05','2009-01-06 17:49:05',NULL,NULL,NULL,NULL,'0.00',NULL,NULL),(757,429,1178,2,'69.08','2009-01-12 00:18:17','2009-01-11 22:24:56','2009-01-12 00:37:42',NULL,NULL,'0.00',15,'20.72',NULL,NULL),(758,429,1178,3,'69.08','2009-01-12 00:18:17','2009-01-11 22:24:56','2009-01-12 00:37:42',NULL,NULL,'0.00',15,'31.09',NULL,NULL),(759,429,1178,1,'82.11','2009-01-12 00:38:09','2009-01-12 00:38:09','2009-01-12 00:38:32',NULL,NULL,'0.00',15,'12.32',NULL,NULL),(761,437,1237,5,'5.00',NULL,'2009-01-20 17:25:12','2009-01-31 22:27:16',NULL,NULL,'0.00',34,'3.75',NULL,NULL),(763,437,1239,4,'5.00',NULL,'2009-01-20 17:58:40','2009-01-20 19:51:15',NULL,NULL,'0.00',34,'3.00',NULL,NULL),(764,430,1240,1,'1.00','2009-01-22 13:51:16','2009-01-22 13:51:16','2009-01-22 13:51:16',NULL,NULL,'0.00',16,'0.15',NULL,NULL),(769,429,1250,1,'8.00','2009-01-29 12:50:39','2009-01-29 12:50:39','2009-01-29 12:50:39',NULL,NULL,'0.00',15,'1.20',NULL,NULL),(770,429,1251,10,'10.00','2009-01-29 12:54:40','2009-01-29 12:54:40','2009-01-29 12:54:40',NULL,NULL,'0.00',15,'15.00',NULL,NULL),(771,429,1252,1,'10.00','2009-01-29 12:54:55','2009-01-29 12:54:55','2009-01-29 12:54:55',NULL,NULL,'0.00',15,'1.50',NULL,NULL),(772,429,1253,2,'10.00',NULL,'2009-01-29 13:08:36','2009-01-29 13:09:02',NULL,NULL,'0.00',15,'3.00',NULL,NULL),(773,442,1254,1,'20.00','2009-02-07 13:20:04','2009-02-07 13:20:04','2009-02-07 13:20:04',NULL,NULL,'0.00',39,'3.00',NULL,NULL),(774,434,1216,1,'5.00',NULL,'2009-02-10 15:53:34','2009-02-10 15:53:34',NULL,NULL,'0.00',26,'0.75',NULL,NULL),(775,429,1255,1,'8.00','2009-02-10 17:25:16','2009-02-10 17:25:16','2009-02-10 17:25:16',NULL,NULL,'0.00',15,'1.20',NULL,NULL),(776,448,1255,100,'0.00','0000-00-00 00:00:00','2009-02-10 17:25:16','2009-02-10 17:25:16',NULL,NULL,NULL,NULL,'0.00',NULL,NULL),(777,429,1256,2,'21.00','2009-02-10 18:16:32','2009-02-10 18:16:32','2009-02-10 18:16:32',NULL,NULL,'0.00',15,'6.30',NULL,NULL),(778,434,1256,1,'5.00','2009-02-10 18:16:32','2009-02-10 18:16:32','2009-02-10 18:16:32',45,NULL,'0.00',26,'0.75',NULL,NULL),(779,449,1256,1,'0.00','0000-00-00 00:00:00','2009-02-10 18:16:32','2009-02-10 18:16:32',NULL,NULL,NULL,NULL,'0.00',NULL,NULL),(780,447,1256,1,'0.00','0000-00-00 00:00:00','2009-02-10 18:16:32','2009-02-10 18:16:32',NULL,NULL,NULL,NULL,'0.00',NULL,NULL),(781,450,1257,1,'0.25',NULL,'2009-02-11 12:38:39','2009-02-11 12:39:27',NULL,NULL,'0.00',49,'0.04',NULL,NULL),(782,450,1258,1,'0.00','2009-02-11 12:45:21','2009-02-11 12:45:21','2009-02-11 12:45:21',NULL,NULL,'0.00',49,'0.00',NULL,NULL),(791,455,1260,10,'5.00','2009-02-17 11:11:06','2009-02-17 11:10:16','2009-02-17 11:11:06',NULL,NULL,'0.00',53,'7.50',NULL,NULL),(792,456,1260,26,'5.00','2009-02-17 11:11:06','2009-02-17 11:10:16','2009-02-17 11:11:06',NULL,NULL,'0.00',54,'19.50',NULL,NULL),(793,458,1261,1,'0.00','2009-02-17 11:32:58','2009-02-17 11:32:58','2009-02-17 11:32:58',NULL,NULL,'0.00',55,'0.00',NULL,NULL),(794,455,1261,1,'10.53','2009-02-17 11:32:58','2009-02-17 11:32:58','2009-02-17 11:32:58',NULL,NULL,'0.00',53,'1.58',NULL,NULL),(795,456,1261,1,'10.53','2009-02-17 11:32:58','2009-02-17 11:32:58','2009-02-17 11:32:58',NULL,NULL,'0.00',54,'1.58',NULL,NULL),(796,451,1261,1,'10.53','2009-02-17 11:32:58','2009-02-17 11:32:58','2009-02-17 11:32:58',NULL,NULL,'0.00',50,'1.58',NULL,NULL),(803,451,1268,24,'0.00','2009-02-17 15:15:13','2009-02-17 15:15:13','2009-02-17 15:15:13',NULL,NULL,'0.00',50,'0.00',NULL,NULL),(807,455,1272,1,'5.00','2009-02-17 16:34:12','2009-02-17 16:34:12','2009-02-17 16:34:12',NULL,NULL,'0.00',53,'0.75',NULL,NULL),(809,432,1273,1,'1.63',NULL,'2009-02-18 07:46:13','2009-02-18 07:46:13',NULL,NULL,'0.00',18,'0.24',NULL,NULL),(811,432,1273,1,'1.63',NULL,'2009-02-18 07:46:13','2009-02-18 07:46:13',NULL,NULL,'0.00',18,'0.24',NULL,NULL),(813,432,1273,1,'1.63',NULL,'2009-02-18 07:46:14','2009-02-18 07:46:14',NULL,NULL,'0.00',18,'0.24',NULL,NULL),(820,432,1273,1,'1.63',NULL,'2009-02-18 07:53:49','2009-02-18 07:53:49',NULL,NULL,'0.00',18,'0.24',NULL,NULL),(821,429,1274,1,'8.00','2009-02-20 12:52:26','2009-02-20 12:52:26','2009-02-20 12:52:26',NULL,NULL,'0.00',15,'1.20',NULL,NULL),(822,434,1274,1,'5.00','2009-02-20 12:52:26','2009-02-20 12:52:26','2009-02-20 12:52:26',45,NULL,'0.00',26,'0.75',NULL,NULL),(824,434,1274,1,'0.00','2009-02-20 12:54:06','2009-02-20 12:54:06','2009-02-20 12:54:06',46,NULL,'0.00',26,'0.00',NULL,NULL),(825,429,1275,2,'8.00','2009-02-23 16:20:32','2009-02-23 16:20:32','2009-02-23 16:20:32',NULL,NULL,'0.00',15,'2.40',NULL,NULL),(826,429,1276,2,'8.00','2009-02-23 16:20:54','2009-02-23 16:20:54','2009-02-23 16:20:54',NULL,NULL,'0.00',15,'2.40',NULL,NULL),(827,429,1277,1,'8.00',NULL,'2009-02-23 16:22:19','2009-02-23 16:50:13',NULL,NULL,'0.00',15,'1.20',NULL,NULL),(828,429,1278,1,'8.00',NULL,'2009-02-24 10:06:39','2009-02-24 11:29:32',NULL,NULL,'0.00',15,'1.20',NULL,NULL),(829,429,1279,1,'10.00','2009-02-24 12:46:30','2009-02-24 12:46:30','2009-02-24 12:46:30',NULL,NULL,'0.00',15,'1.50',NULL,NULL),(830,429,1280,1,'15.94','2009-02-24 12:51:09','2009-02-24 12:51:09','2009-02-24 12:51:09',NULL,NULL,'0.00',15,'2.39',NULL,NULL),(831,429,1281,1,'12.75','2009-02-24 12:52:54','2009-02-24 12:52:54','2009-02-24 12:52:54',NULL,NULL,'0.00',15,'1.91',NULL,NULL),(832,429,1282,1,'13.36','2009-02-24 13:08:27','2009-02-24 13:08:27','2009-02-24 13:08:27',NULL,NULL,'0.00',15,'2.00',NULL,NULL),(833,429,1283,1,'12.75','2009-02-24 13:20:17','2009-02-24 13:20:17','2009-02-24 13:20:17',NULL,NULL,'0.00',15,'1.91',NULL,NULL),(834,429,1284,15,'15.94','2009-02-24 13:21:26','2009-02-24 13:21:26','2009-02-24 13:21:26',NULL,NULL,'0.00',15,'35.87',NULL,NULL),(835,429,1285,1,'15.21','2009-02-27 19:49:28','2009-02-27 19:49:28','2009-02-27 19:49:28',NULL,NULL,'0.00',15,'2.28',NULL,NULL),(836,429,1285,1,'15.21','2009-02-27 19:49:28','2009-02-27 19:49:28','2009-02-27 19:49:28',NULL,NULL,'0.00',15,'2.28',NULL,NULL),(837,429,1285,1,'15.21','2009-02-27 19:49:29','2009-02-27 19:49:29','2009-02-27 19:49:29',NULL,NULL,'0.00',15,'2.28',NULL,NULL),(838,462,1286,100,'1.00','2009-03-05 20:45:00','2009-03-05 20:45:00','2009-03-05 20:45:00',NULL,NULL,'0.00',59,'15.00',NULL,NULL),(839,462,1286,100,'1.00','2009-03-05 20:53:31','2009-03-05 20:53:31','2009-03-05 20:53:31',NULL,NULL,'0.00',59,'15.00',NULL,NULL),(840,462,1287,78,'1.15','2009-03-05 20:59:59','2009-03-05 20:59:59','2009-03-05 20:59:59',NULL,NULL,'0.00',59,'13.46',NULL,NULL),(841,463,1288,1,NULL,'2009-03-05 21:15:30','2009-03-05 21:15:31','2009-03-05 21:15:31',NULL,NULL,'0.00',60,'0.00',NULL,NULL),(842,462,1289,100,'1.15',NULL,'2009-03-05 23:23:32','2009-03-05 23:23:32',NULL,NULL,NULL,NULL,'17.25',NULL,NULL),(843,456,1290,5,'5.00',NULL,'2009-03-05 23:23:32','2009-03-05 23:23:32',NULL,NULL,NULL,NULL,'3.75',NULL,NULL),(844,429,1296,1,'16.19','2009-03-10 12:41:22','2009-03-10 12:41:22','2009-03-10 12:41:22',NULL,NULL,'0.00',15,'2.43',NULL,NULL),(845,429,1297,1,'16.60','2009-03-10 12:41:31','2009-03-10 12:41:31','2009-03-10 12:41:31',NULL,NULL,'0.00',15,'2.49',NULL,NULL),(846,429,1300,15,NULL,NULL,'2009-03-10 15:27:05','2009-03-10 15:27:05',NULL,NULL,NULL,NULL,'0.00',NULL,NULL),(847,429,1301,2,NULL,NULL,'2009-03-10 15:30:35','2009-03-23 12:31:36',NULL,NULL,'0.00',15,'0.00',NULL,NULL),(850,429,1302,3,'15.00',NULL,'2009-03-11 11:13:00','2009-03-11 11:13:00',NULL,NULL,'0.00',15,'6.75',NULL,NULL),(851,429,1303,12,'15.00','2009-03-17 14:11:02','2009-03-11 11:25:16','2009-03-17 14:11:12',NULL,NULL,'0.00',15,'27.00',NULL,NULL),(852,429,1304,7,'15.00','2009-03-12 22:50:45','2009-03-11 11:27:20','2009-03-16 19:27:59',NULL,NULL,'12.00',23,'28.35',NULL,NULL),(854,454,1304,3,'4.00','0000-00-00 00:00:00','2009-03-12 22:44:34','2009-03-12 22:51:02',NULL,NULL,NULL,NULL,'1.80',NULL,NULL),(856,434,1304,1,'0.00',NULL,'2009-03-16 19:27:59','2009-03-16 19:27:59',NULL,NULL,'0.00',26,'0.00',NULL,NULL),(857,454,1303,6,'4.00','0000-00-00 00:00:00','2009-03-17 14:11:03','2009-03-17 14:11:13',NULL,NULL,NULL,NULL,'3.60',NULL,NULL),(858,429,1308,1,'17.61','2009-03-17 21:08:00','2009-03-17 21:08:00','2009-03-17 21:08:00',NULL,NULL,'0.00',15,'2.64',NULL,NULL),(859,429,1309,1,'17.61','2009-03-17 21:08:16','2009-03-17 21:08:16','2009-03-17 21:08:16',NULL,NULL,'0.00',15,'2.64',NULL,NULL),(861,429,1310,300,'19.90','2009-03-17 21:41:22','2009-03-17 21:41:22','2009-03-20 17:01:16',NULL,NULL,'0.00',15,'895.50',NULL,NULL),(862,454,1310,150,'4.00','0000-00-00 00:00:00','2009-03-17 21:41:23','2009-03-20 17:01:17',NULL,NULL,NULL,NULL,'90.00',NULL,NULL),(866,429,1298,10,NULL,NULL,'2009-03-17 22:11:11','2009-03-17 22:11:34',NULL,NULL,NULL,NULL,'0.00',NULL,NULL),(867,434,1311,1,'0.00','2009-03-18 09:22:57','2009-03-18 09:09:34','2009-03-18 09:22:57',55,NULL,'0.00',26,'0.00',NULL,NULL),(869,434,1312,1,NULL,NULL,'2009-03-18 10:13:13','2009-03-18 10:13:13',48,NULL,NULL,NULL,'0.00',NULL,NULL),(870,434,1313,1,'0.00','2009-03-18 10:51:34','2009-03-18 10:45:06','2009-03-18 10:51:34',56,NULL,'0.00',26,'0.00',NULL,NULL),(873,434,1316,1,'0.00','2009-03-18 10:56:46','2009-03-18 10:56:46','2009-03-18 10:56:46',56,NULL,'0.00',26,'0.00',NULL,NULL),(882,434,1312,1,NULL,NULL,'2009-03-18 12:26:14','2009-03-18 12:34:06',57,NULL,NULL,NULL,'0.00',NULL,NULL),(883,434,1317,1,'0.00',NULL,'2009-03-19 22:01:01','2009-03-19 22:01:01',NULL,NULL,'0.00',26,'0.00',NULL,NULL),(884,429,1318,58,'8.00','2009-03-19 22:31:12','2009-03-19 22:30:33','2009-03-19 22:31:12',NULL,NULL,'0.00',15,'69.60',NULL,NULL),(885,434,1318,1,'5.00','2009-03-19 22:31:12','2009-03-19 22:30:33','2009-03-19 22:31:12',NULL,NULL,'0.00',26,'0.75',NULL,NULL),(886,434,1318,1,'5.00','2009-03-19 22:31:12','2009-03-19 22:30:33','2009-03-19 22:31:12',NULL,NULL,'0.00',26,'0.75',NULL,NULL),(887,434,1318,1,'5.00','2009-03-19 22:31:12','2009-03-19 22:30:33','2009-03-19 22:31:12',NULL,NULL,'0.00',26,'0.75',NULL,NULL),(888,434,1318,1,'5.00','2009-03-19 22:31:12','2009-03-19 22:30:33','2009-03-19 22:31:12',NULL,NULL,'0.00',26,'0.75',NULL,NULL),(889,434,1318,1,'5.00','2009-03-19 22:31:12','2009-03-19 22:30:33','2009-03-19 22:31:12',NULL,NULL,'0.00',26,'0.75',NULL,NULL),(890,462,1318,100,'0.00','2009-03-19 22:31:12','2009-03-19 22:30:33','2009-03-19 22:31:12',NULL,NULL,'0.00',59,'0.00',NULL,NULL),(891,434,1319,1,'0.00','2009-03-19 22:52:27','2009-03-19 22:52:27','2009-03-19 22:52:27',58,NULL,'0.00',26,'0.00',NULL,NULL),(892,429,1319,1,'13.36','2009-03-19 22:52:42','2009-03-19 22:52:42','2009-03-19 22:52:42',NULL,NULL,'0.00',15,'2.00',NULL,NULL),(893,434,1320,1,'5.00','2009-03-19 23:25:47','2009-03-19 23:25:24','2009-03-19 23:25:47',59,NULL,'0.00',26,'0.75',NULL,NULL),(894,434,1320,1,'5.00','2009-03-19 23:25:47','2009-03-19 23:25:24','2009-03-19 23:25:47',60,NULL,'0.00',26,'0.75',NULL,NULL),(895,434,1320,1,'5.00','2009-03-19 23:25:47','2009-03-19 23:25:24','2009-03-19 23:25:47',61,NULL,'0.00',26,'0.75',NULL,NULL),(896,434,1320,1,'5.00','2009-03-19 23:25:47','2009-03-19 23:25:24','2009-03-19 23:25:47',62,NULL,'0.00',26,'0.75',NULL,NULL),(897,434,1320,1,'5.00','2009-03-19 23:25:47','2009-03-19 23:25:24','2009-03-19 23:25:47',63,NULL,'0.00',26,'0.75',NULL,NULL),(898,462,1320,100,'0.00','2009-03-19 23:25:47','2009-03-19 23:25:24','2009-03-19 23:25:47',NULL,NULL,'0.00',59,'0.00',NULL,NULL),(899,434,1321,1,'1.25','2009-03-19 23:29:01','2009-03-19 23:29:01','2009-03-19 23:29:01',62,NULL,'0.00',26,'0.19',NULL,NULL),(900,434,1321,1,'1.25','2009-03-19 23:29:02','2009-03-19 23:29:02','2009-03-19 23:29:02',NULL,NULL,'0.00',26,'0.19',NULL,NULL),(901,434,1322,1,'0.00','2009-03-20 00:02:26','2009-03-20 00:02:26','2009-03-20 16:09:36',58,NULL,NULL,NULL,'0.00',6,NULL),(902,429,1322,10,'0.00','2009-03-20 00:25:53','2009-03-20 00:02:26','2009-03-20 15:28:22',NULL,NULL,NULL,NULL,'0.00',10,NULL),(903,434,1322,1,'0.00','2009-03-20 00:02:26','2009-03-20 00:02:26','2009-03-20 16:09:36',59,NULL,NULL,NULL,'0.00',6,NULL),(904,434,1322,1,'0.00','2009-03-20 00:02:26','2009-03-20 00:02:26','2009-03-20 16:09:36',60,NULL,NULL,NULL,'0.00',6,NULL),(905,434,1322,1,'0.00','2009-03-20 00:02:26','2009-03-20 00:02:26','2009-03-20 16:09:36',61,NULL,NULL,NULL,'0.00',6,NULL),(927,434,1312,NULL,NULL,NULL,'2009-03-23 11:08:40','2009-03-23 11:08:40',NULL,NULL,NULL,NULL,'0.00',NULL,NULL),(929,434,1301,1,NULL,NULL,'2009-03-23 12:07:13','2009-03-23 12:07:13',58,NULL,NULL,NULL,'0.00',NULL,NULL),(930,434,1301,1,NULL,NULL,'2009-03-23 12:13:55','2009-03-23 12:13:55',59,NULL,NULL,NULL,'0.00',NULL,NULL),(931,434,1301,1,NULL,NULL,'2009-03-23 12:30:10','2009-03-23 12:30:10',60,NULL,NULL,NULL,'0.00',NULL,NULL),(932,429,1301,4,NULL,NULL,'2009-03-23 12:30:34','2009-03-23 12:31:36',NULL,NULL,NULL,NULL,'0.00',NULL,NULL),(933,434,1301,1,NULL,NULL,'2009-03-23 12:31:48','2009-03-23 12:31:48',61,NULL,NULL,NULL,'0.00',NULL,NULL),(934,434,1301,1,NULL,NULL,'2009-03-23 12:33:06','2009-03-23 12:33:06',62,NULL,NULL,NULL,'0.00',NULL,NULL),(936,434,1322,1,NULL,'2009-03-23 18:16:50','2009-03-23 18:16:50','2009-03-23 18:16:50',62,NULL,NULL,NULL,'0.00',NULL,NULL),(937,434,1323,1,NULL,'2009-03-23 20:44:46','2009-03-23 20:44:46','2009-03-23 20:44:46',58,NULL,NULL,NULL,'0.00',NULL,NULL),(938,434,1323,1,NULL,'2009-03-23 20:44:46','2009-03-23 20:44:46','2009-03-23 20:44:46',59,NULL,NULL,NULL,'0.00',NULL,NULL),(939,434,1323,1,NULL,'2009-03-23 20:44:46','2009-03-23 20:44:46','2009-03-23 20:44:46',60,NULL,NULL,NULL,'0.00',NULL,NULL),(940,434,1323,1,NULL,'2009-03-23 20:44:46','2009-03-23 20:44:46','2009-03-23 20:44:46',61,NULL,NULL,NULL,'0.00',NULL,NULL),(941,434,1323,1,NULL,'2009-03-23 20:44:46','2009-03-23 20:44:46','2009-03-23 20:44:46',62,NULL,NULL,NULL,'0.00',NULL,NULL),(942,434,1323,1,NULL,'2009-03-23 20:44:46','2009-03-23 20:44:46','2009-03-23 20:44:46',63,NULL,NULL,NULL,'0.00',NULL,NULL),(943,434,1324,1,NULL,'2009-03-23 22:31:27','2009-03-23 20:50:26','2009-03-23 22:31:27',58,NULL,NULL,NULL,'0.00',NULL,NULL),(944,434,1324,1,NULL,NULL,'2009-03-23 20:50:26','2009-03-23 22:34:03',59,NULL,NULL,NULL,'0.00',NULL,NULL),(945,434,1324,1,NULL,NULL,'2009-03-23 20:50:26','2009-03-23 22:34:03',60,NULL,NULL,NULL,'0.00',NULL,NULL),(946,434,1324,1,NULL,NULL,'2009-03-23 20:50:26','2009-03-23 22:34:40',61,NULL,NULL,NULL,'0.00',NULL,NULL),(947,434,1324,1,NULL,NULL,'2009-03-23 20:50:26','2009-03-23 22:34:40',62,NULL,NULL,NULL,'0.00',NULL,NULL),(948,434,1324,1,NULL,NULL,'2009-03-23 20:50:26','2009-03-23 22:34:40',63,NULL,NULL,NULL,'0.00',NULL,NULL),(949,434,1325,1,'0.00','2009-03-23 22:46:49','2009-03-23 22:39:05','2009-03-23 22:46:50',58,NULL,NULL,NULL,'0.00',6,NULL),(950,434,1325,1,'0.00','2009-03-23 22:46:50','2009-03-23 22:39:05','2009-03-23 22:46:50',59,NULL,NULL,NULL,'0.00',6,NULL),(951,434,1325,1,'0.00','2009-03-23 22:46:50','2009-03-23 22:39:05','2009-03-23 22:46:51',60,NULL,NULL,NULL,'0.00',6,NULL),(952,434,1325,1,'0.00','2009-03-23 22:46:50','2009-03-23 22:39:05','2009-03-23 22:46:51',61,NULL,NULL,NULL,'0.00',6,NULL),(953,434,1325,1,'0.00','2009-03-23 22:46:50','2009-03-23 22:39:05','2009-03-23 22:46:51',62,NULL,NULL,NULL,'0.00',6,NULL),(954,434,1325,1,'0.00','2009-03-23 22:46:50','2009-03-23 22:39:05','2009-03-23 22:46:51',66,NULL,NULL,NULL,'0.00',6,NULL),(955,429,1325,20,'0.00','2009-03-23 22:46:50','2009-03-23 22:39:05','2009-03-23 22:46:51',NULL,NULL,NULL,NULL,'0.00',20,NULL),(956,434,1326,1,'0.00','2009-03-23 22:47:57','2009-03-23 22:47:57','2009-03-23 22:47:58',58,NULL,NULL,NULL,'0.00',6,NULL),(957,434,1326,1,'0.00','2009-03-23 22:47:57','2009-03-23 22:47:57','2009-03-23 22:47:58',59,NULL,NULL,NULL,'0.00',6,NULL),(958,434,1326,1,'0.00','2009-03-23 22:47:57','2009-03-23 22:47:57','2009-03-23 22:47:58',60,NULL,NULL,NULL,'0.00',6,NULL),(959,434,1326,1,'0.00','2009-03-23 22:47:57','2009-03-23 22:47:57','2009-03-23 22:47:58',61,NULL,NULL,NULL,'0.00',6,NULL),(960,434,1326,1,'0.00','2009-03-23 22:47:58','2009-03-23 22:47:57','2009-03-23 22:47:58',62,NULL,NULL,NULL,'0.00',6,NULL),(961,434,1326,1,'0.00','2009-03-23 22:47:58','2009-03-23 22:47:57','2009-03-23 22:47:58',63,NULL,NULL,NULL,'0.00',6,NULL),(962,429,1326,25,'76.25','2009-03-23 22:47:58','2009-03-23 22:47:57','2009-03-23 22:47:58',NULL,NULL,NULL,NULL,'285.94',20,NULL),(963,434,1327,1,'0.00','2009-03-23 22:57:27','2009-03-23 22:57:03','2009-03-23 22:57:29',58,NULL,NULL,NULL,'0.00',8,NULL),(964,434,1327,1,'0.00','2009-03-23 22:57:28','2009-03-23 22:57:03','2009-03-23 22:57:29',59,NULL,NULL,NULL,'0.00',8,NULL),(965,434,1327,1,'0.00','2009-03-23 22:57:28','2009-03-23 22:57:03','2009-03-23 22:57:29',60,NULL,NULL,NULL,'0.00',8,NULL),(966,434,1327,1,'0.00','2009-03-23 22:57:28','2009-03-23 22:57:03','2009-03-23 22:57:29',61,NULL,NULL,NULL,'0.00',8,NULL),(967,434,1327,1,'0.00','2009-03-23 22:57:28','2009-03-23 22:57:03','2009-03-23 22:57:29',62,NULL,NULL,NULL,'0.00',8,NULL),(968,434,1327,1,'0.00','2009-03-23 22:57:29','2009-03-23 22:57:04','2009-03-23 22:57:29',63,NULL,NULL,NULL,'0.00',8,NULL),(969,434,1327,1,'0.00','2009-03-23 22:57:29','2009-03-23 22:57:04','2009-03-23 22:57:29',65,NULL,NULL,NULL,'0.00',8,NULL),(970,434,1327,1,'0.00','2009-03-23 22:57:29','2009-03-23 22:57:04','2009-03-23 22:57:29',64,NULL,NULL,NULL,'0.00',8,NULL),(971,434,1328,1,'0.00','2009-03-23 23:01:06','2009-03-23 23:00:52','2009-03-23 23:01:06',58,NULL,NULL,NULL,'0.00',1,NULL),(972,434,1329,1,'0.00','2009-03-23 23:19:15','2009-03-23 23:19:14','2009-03-23 23:19:15',58,NULL,NULL,NULL,'0.00',2,NULL),(973,434,1329,1,'0.00','2009-03-23 23:19:15','2009-03-23 23:19:14','2009-03-23 23:19:15',59,NULL,NULL,NULL,'0.00',2,NULL),(974,434,1330,1,'1.25','2009-03-23 23:19:31','2009-03-23 23:19:31','2009-03-23 23:19:31',58,NULL,NULL,NULL,'0.19',2,NULL),(975,441,1331,100,'2.50',NULL,'2009-03-23 23:32:44','2009-03-23 23:33:20',NULL,NULL,'0.00',38,'37.50',NULL,NULL),(976,434,1332,1,'1.25','2009-03-24 07:55:42','2009-03-24 07:55:42','2009-03-24 07:55:42',58,NULL,'0.00',26,'0.19',NULL,NULL),(977,432,1333,1,'0.00',NULL,'2009-03-24 14:03:07','2009-03-24 14:03:07',NULL,NULL,NULL,NULL,'0.00',NULL,NULL),(978,432,1333,1,'0.00',NULL,'2009-03-24 14:03:07','2009-03-24 14:03:07',NULL,NULL,NULL,NULL,'0.00',NULL,NULL),(979,432,1333,1,'0.00',NULL,'2009-03-24 14:03:07','2009-03-24 14:03:07',NULL,NULL,NULL,NULL,'0.00',NULL,NULL),(980,441,1333,100,'0.00',NULL,'2009-03-24 14:03:07','2009-03-24 14:03:07',NULL,NULL,NULL,NULL,'0.00',NULL,NULL),(981,464,1334,10,'0.00',NULL,'2009-03-24 14:03:07','2009-03-24 14:03:07',NULL,NULL,NULL,NULL,'0.00',NULL,NULL),(982,466,1335,6,'0.00','2009-03-24 14:13:20','2009-03-24 14:11:18','2009-03-24 14:13:20',NULL,NULL,'0.00',64,'0.00',NULL,NULL),(983,465,1336,5,'0.00','2009-03-24 16:25:29','2009-03-24 16:25:16','2009-03-24 16:25:29',NULL,NULL,'0.00',63,'0.00',NULL,NULL),(984,465,1337,1,'0.00','2009-03-24 16:33:03','2009-03-24 16:33:03','2009-03-24 16:33:03',NULL,NULL,'0.00',63,'0.00',NULL,NULL),(985,450,1337,1,'0.00','2009-03-24 16:33:03','2009-03-24 16:33:03','2009-03-24 16:33:03',NULL,NULL,'0.00',49,'0.00',NULL,NULL),(986,466,1338,5,'0.00',NULL,'2009-03-24 16:33:52','2009-03-24 16:33:52',NULL,NULL,NULL,NULL,'0.00',NULL,NULL),(987,467,1339,1,'10.00','2009-03-26 10:34:47','2009-03-26 10:34:47','2009-03-26 10:34:47',NULL,NULL,'0.00',65,'1.50',NULL,NULL),(988,468,1340,1,'10.00','2009-03-26 10:37:19','2009-03-26 10:37:19','2009-03-26 10:37:19',67,NULL,'0.00',66,'1.50',NULL,NULL),(989,468,1340,1,'10.00','2009-03-26 10:37:19','2009-03-26 10:37:19','2009-03-26 10:37:19',68,NULL,'0.00',66,'1.50',NULL,NULL),(990,468,1340,1,'10.00','2009-03-26 10:37:19','2009-03-26 10:37:19','2009-03-26 10:37:19',69,NULL,'0.00',66,'1.50',NULL,NULL),(991,434,1341,1,'-1.25','2009-03-26 10:42:52','2009-03-26 10:42:52','2009-03-26 10:42:52',58,NULL,NULL,NULL,'-0.19',0,NULL),(992,434,1342,1,'0.00','2009-03-26 10:52:39','2009-03-26 10:52:39','2009-03-26 10:52:40',58,NULL,NULL,NULL,'0.00',4,NULL),(993,434,1342,1,'0.00','2009-03-26 10:52:39','2009-03-26 10:52:39','2009-03-26 10:52:40',59,NULL,NULL,NULL,'0.00',4,NULL),(994,434,1342,1,'0.00','2009-03-26 10:52:39','2009-03-26 10:52:39','2009-03-26 10:52:40',60,NULL,NULL,NULL,'0.00',4,NULL),(995,434,1342,1,'0.00','2009-03-26 10:52:40','2009-03-26 10:52:39','2009-03-26 10:52:40',61,NULL,NULL,NULL,'0.00',4,NULL),(996,434,1343,1,'0.00','2009-03-26 10:53:17','2009-03-26 10:53:17','2009-03-26 10:53:17',58,NULL,NULL,NULL,'0.00',2,NULL),(997,434,1343,1,'0.00','2009-03-26 10:53:17','2009-03-26 10:53:17','2009-03-26 10:53:17',59,NULL,NULL,NULL,'0.00',2,NULL),(998,467,1344,5,'11.50',NULL,'2009-03-28 12:30:11','2009-03-28 12:30:11',NULL,NULL,NULL,NULL,'8.63',NULL,NULL),(999,467,1345,5,'12.94',NULL,'2009-03-28 12:39:19','2009-03-28 12:39:19',NULL,NULL,NULL,NULL,'9.71',NULL,NULL),(1000,467,1346,5,'13.82',NULL,'2009-03-28 12:41:31','2009-03-28 12:41:31',NULL,NULL,NULL,NULL,'10.37',NULL,NULL),(1001,467,1347,5,'14.47','2009-03-28 12:46:02','2009-03-28 12:45:39','2009-03-28 12:46:02',NULL,NULL,'0.00',65,'10.85',NULL,NULL),(1002,434,1348,1,'1.25','2009-03-30 16:35:03','2009-03-30 16:35:03','2009-03-30 16:35:03',58,NULL,'0.00',26,'0.19',NULL,NULL),(1003,434,1348,1,'1.25','2009-03-30 16:35:04','2009-03-30 16:35:04','2009-03-30 16:35:04',59,NULL,'0.00',26,'0.19',NULL,NULL),(1004,434,1348,1,'1.25','2009-03-30 16:35:04','2009-03-30 16:35:04','2009-03-30 16:35:04',60,NULL,'0.00',26,'0.19',NULL,NULL),(1005,434,1349,1,'0.00','2009-03-30 16:49:14','2009-03-30 16:49:13','2009-03-30 16:49:16',58,NULL,NULL,NULL,'0.00',5,NULL),(1006,434,1349,1,'0.00','2009-03-30 16:49:14','2009-03-30 16:49:13','2009-03-30 16:49:16',59,NULL,NULL,NULL,'0.00',5,NULL),(1007,434,1349,1,'0.00','2009-03-30 16:49:15','2009-03-30 16:49:13','2009-03-30 16:49:16',60,NULL,NULL,NULL,'0.00',5,NULL),(1008,434,1349,1,'0.00','2009-03-30 16:49:15','2009-03-30 16:49:13','2009-03-30 16:49:16',61,NULL,NULL,NULL,'0.00',5,NULL),(1009,434,1349,1,'0.00','2009-03-30 16:49:16','2009-03-30 16:49:13','2009-03-30 16:49:16',62,NULL,NULL,NULL,'0.00',5,NULL),(1010,434,1350,1,'0.00','2009-03-30 16:56:43','2009-03-30 16:56:43','2009-03-30 16:56:44',58,NULL,NULL,NULL,'0.00',4,NULL),(1011,434,1350,1,'0.00','2009-03-30 16:56:44','2009-03-30 16:56:43','2009-03-30 16:56:44',59,NULL,NULL,NULL,'0.00',4,NULL),(1012,434,1350,1,'0.00','2009-03-30 16:56:44','2009-03-30 16:56:43','2009-03-30 16:56:44',60,NULL,NULL,NULL,'0.00',4,NULL),(1013,434,1350,1,'0.00','2009-03-30 16:56:44','2009-03-30 16:56:43','2009-03-30 16:56:44',61,NULL,NULL,NULL,'0.00',4,NULL),(1014,434,1351,1,'0.00','2009-03-30 17:15:59','2009-03-30 17:15:58','2009-03-30 17:15:59',58,NULL,NULL,NULL,'0.00',3,NULL),(1015,434,1351,1,'0.00','2009-03-30 17:15:59','2009-03-30 17:15:59','2009-03-30 17:15:59',59,NULL,NULL,NULL,'0.00',3,NULL),(1016,434,1351,1,'0.00','2009-03-30 17:15:59','2009-03-30 17:15:59','2009-03-30 17:15:59',60,NULL,NULL,NULL,'0.00',3,NULL),(1017,434,1352,1,'0.00','2009-03-30 17:20:21','2009-03-30 17:20:21','2009-03-30 17:20:21',58,NULL,NULL,NULL,'0.00',4,NULL),(1018,434,1352,1,'0.00','2009-03-30 17:20:22','2009-03-30 17:20:21','2009-03-30 17:20:22',59,NULL,NULL,NULL,'0.00',4,NULL),(1019,434,1352,1,'0.00','2009-03-30 17:20:22','2009-03-30 17:20:21','2009-03-30 17:20:22',60,NULL,NULL,NULL,'0.00',4,NULL),(1020,434,1352,1,'0.00','2009-03-30 17:20:22','2009-03-30 17:20:21','2009-03-30 17:20:22',61,NULL,NULL,NULL,'0.00',4,NULL),(1021,434,1353,1,'0.00','2009-03-30 17:22:17','2009-03-30 17:22:16','2009-03-30 17:22:18',58,NULL,NULL,NULL,'0.00',5,NULL),(1022,434,1353,1,'0.00','2009-03-30 17:22:17','2009-03-30 17:22:16','2009-03-30 17:22:18',59,NULL,NULL,NULL,'0.00',5,NULL),(1023,434,1353,1,'0.00','2009-03-30 17:22:18','2009-03-30 17:22:16','2009-03-30 17:22:18',60,NULL,NULL,NULL,'0.00',5,NULL),(1024,434,1353,1,'0.00','2009-03-30 17:22:18','2009-03-30 17:22:16','2009-03-30 17:22:18',61,NULL,NULL,NULL,'0.00',5,NULL),(1025,434,1353,1,'0.00','2009-03-30 17:22:18','2009-03-30 17:22:16','2009-03-30 17:22:18',62,NULL,NULL,NULL,'0.00',5,NULL),(1026,434,1354,1,'0.00','2009-03-30 17:27:08','2009-03-30 17:27:07','2009-03-30 17:27:08',58,NULL,NULL,NULL,'0.00',2,NULL),(1027,434,1354,1,'0.00','2009-03-30 17:27:08','2009-03-30 17:27:08','2009-03-30 17:27:08',59,NULL,NULL,NULL,'0.00',2,NULL),(1028,434,1355,1,'0.00','2009-03-30 17:31:04','2009-03-30 17:31:04','2009-03-30 17:31:04',58,NULL,NULL,NULL,'0.00',3,NULL),(1029,434,1355,1,'0.00','2009-03-30 17:31:04','2009-03-30 17:31:04','2009-03-30 17:31:04',59,NULL,NULL,NULL,'0.00',3,NULL),(1030,434,1355,1,'0.00','2009-03-30 17:31:04','2009-03-30 17:31:04','2009-03-30 17:31:04',60,NULL,NULL,NULL,'0.00',3,NULL),(1031,434,1356,1,'0.00','2009-03-30 17:43:46','2009-03-30 17:43:46','2009-03-30 17:43:46',58,NULL,NULL,NULL,'0.00',2,NULL),(1032,434,1356,1,'0.00','2009-03-30 17:43:46','2009-03-30 17:43:46','2009-03-30 17:43:46',59,NULL,NULL,NULL,'0.00',2,NULL),(1033,434,1357,1,'0.00','2009-03-31 10:28:36','2009-03-31 10:28:34','2009-03-31 10:28:36',58,NULL,NULL,NULL,'0.00',4,NULL),(1034,434,1357,1,'0.00','2009-03-31 10:28:36','2009-03-31 10:28:35','2009-03-31 10:28:36',59,NULL,NULL,NULL,'0.00',4,NULL),(1035,434,1357,1,'0.00','2009-03-31 10:28:36','2009-03-31 10:28:35','2009-03-31 10:28:36',60,NULL,NULL,NULL,'0.00',4,NULL),(1036,434,1357,1,'0.00','2009-03-31 10:28:36','2009-03-31 10:28:35','2009-03-31 10:28:36',61,NULL,NULL,NULL,'0.00',4,NULL),(1037,434,1358,1,'0.00','2009-03-31 10:31:22','2009-03-31 10:30:52','2009-03-31 10:31:22',58,NULL,NULL,NULL,'0.00',3,NULL),(1038,434,1358,1,'0.00','2009-03-31 10:31:22','2009-03-31 10:30:52','2009-03-31 10:31:23',59,NULL,NULL,NULL,'0.00',3,NULL),(1039,434,1358,1,'0.00','2009-03-31 10:31:22','2009-03-31 10:30:52','2009-03-31 10:31:23',60,NULL,NULL,NULL,'0.00',3,NULL),(1040,434,1359,1,'0.00','2009-03-31 10:38:37','2009-03-31 10:38:36','2009-03-31 10:38:38',58,NULL,NULL,NULL,'0.00',5,NULL),(1041,434,1359,1,'0.00','2009-03-31 10:38:37','2009-03-31 10:38:36','2009-03-31 10:38:38',59,NULL,NULL,NULL,'0.00',5,NULL),(1042,434,1359,1,'0.00','2009-03-31 10:38:38','2009-03-31 10:38:36','2009-03-31 10:38:38',60,NULL,NULL,NULL,'0.00',5,NULL),(1043,434,1359,1,'0.00','2009-03-31 10:38:38','2009-03-31 10:38:36','2009-03-31 10:38:38',61,NULL,NULL,NULL,'0.00',5,NULL),(1044,434,1359,1,'0.00','2009-03-31 10:38:38','2009-03-31 10:38:36','2009-03-31 10:38:38',62,NULL,NULL,NULL,'0.00',5,NULL),(1045,434,1360,1,'0.00','2009-03-31 11:05:06','2009-03-31 11:04:43','2009-03-31 11:05:06',58,NULL,NULL,NULL,'0.00',5,NULL),(1046,434,1361,1,'0.00','2009-03-31 11:08:06','2009-03-31 11:08:05','2009-03-31 11:08:06',58,NULL,NULL,NULL,'0.00',4,NULL),(1047,434,1361,1,'0.00','2009-03-31 11:08:06','2009-03-31 11:08:05','2009-03-31 11:08:06',59,NULL,NULL,NULL,'0.00',4,NULL),(1048,434,1361,1,'0.00','2009-03-31 11:08:06','2009-03-31 11:08:05','2009-03-31 11:08:06',60,NULL,NULL,NULL,'0.00',4,NULL),(1049,434,1361,1,'0.00','2009-03-31 11:08:06','2009-03-31 11:08:06','2009-03-31 11:08:06',61,NULL,NULL,NULL,'0.00',4,NULL),(1050,434,1362,1,'0.00','2009-03-31 11:17:13','2009-03-31 11:14:02','2009-03-31 11:17:15',58,NULL,NULL,NULL,'0.00',7,NULL),(1051,434,1362,1,'0.00','2009-03-31 11:17:14','2009-03-31 11:14:02','2009-03-31 11:17:15',59,NULL,NULL,NULL,'0.00',7,NULL),(1052,434,1362,1,'0.00','2009-03-31 11:17:14','2009-03-31 11:14:02','2009-03-31 11:17:15',60,NULL,NULL,NULL,'0.00',7,NULL),(1053,434,1362,1,'0.00','2009-03-31 11:17:14','2009-03-31 11:14:02','2009-03-31 11:17:15',61,NULL,NULL,NULL,'0.00',7,NULL),(1054,434,1362,1,'0.00','2009-03-31 11:17:14','2009-03-31 11:14:02','2009-03-31 11:17:15',62,NULL,NULL,NULL,'0.00',7,NULL),(1055,434,1362,1,'0.00','2009-03-31 11:17:14','2009-03-31 11:14:02','2009-03-31 11:17:15',63,NULL,NULL,NULL,'0.00',7,NULL),(1056,434,1362,1,'0.00','2009-03-31 11:17:15','2009-03-31 11:14:02','2009-03-31 11:17:15',65,NULL,NULL,NULL,'0.00',7,NULL),(1057,434,1363,1,'0.00','2009-03-31 11:18:22','2009-03-31 11:18:22','2009-03-31 11:18:22',58,NULL,NULL,NULL,'0.00',7,NULL),(1058,434,1364,1,'0.00','2009-03-31 11:24:42','2009-03-31 11:18:50','2009-03-31 11:24:42',58,NULL,NULL,NULL,'0.00',4,NULL),(1059,434,1364,1,'0.00','2009-03-31 11:24:42','2009-03-31 11:18:50','2009-03-31 11:24:42',59,NULL,NULL,NULL,'0.00',4,NULL),(1060,434,1364,1,'0.00','2009-03-31 11:24:42','2009-03-31 11:18:50','2009-03-31 11:24:42',60,NULL,NULL,NULL,'0.00',4,NULL),(1061,434,1364,1,'0.00','2009-03-31 11:24:42','2009-03-31 11:18:50','2009-03-31 11:24:42',61,NULL,NULL,NULL,'0.00',4,NULL),(1062,434,1365,1,'0.00','2009-03-31 11:25:02','2009-03-31 11:25:02','2009-03-31 11:25:02',58,NULL,NULL,NULL,'0.00',4,NULL),(1063,434,1365,1,'0.00','2009-03-31 11:25:02','2009-03-31 11:25:02','2009-03-31 11:25:02',59,NULL,NULL,NULL,'0.00',4,NULL),(1064,434,1366,1,'0.00','2009-03-31 11:25:32','2009-03-31 11:25:32','2009-03-31 11:25:32',58,NULL,NULL,NULL,'0.00',2,NULL),(1065,434,1366,1,'0.00','2009-03-31 11:25:32','2009-03-31 11:25:32','2009-03-31 11:25:32',59,NULL,NULL,NULL,'0.00',2,NULL),(1066,434,1366,1,'0.00','2009-03-31 11:25:32','2009-03-31 11:25:32','2009-03-31 11:25:32',60,NULL,NULL,NULL,'0.00',2,NULL),(1067,434,1366,1,'0.00','2009-03-31 11:25:32','2009-03-31 11:25:32','2009-03-31 11:25:32',61,NULL,NULL,NULL,'0.00',2,NULL),(1068,434,1366,1,'0.00','2009-03-31 11:25:32','2009-03-31 11:25:32','2009-03-31 11:25:32',62,NULL,NULL,NULL,'0.00',2,NULL),(1069,434,1366,1,'0.00','2009-03-31 11:25:32','2009-03-31 11:25:32','2009-03-31 11:25:32',63,NULL,NULL,NULL,'0.00',2,NULL);
/*!40000 ALTER TABLE `lines` ENABLE KEYS */;
UNLOCK TABLES;

--
-- Table structure for table `movement_types`
--

DROP TABLE IF EXISTS `movement_types`;
SET @saved_cs_client     = @@character_set_client;
SET character_set_client = utf8;
CREATE TABLE `movement_types` (
  `id` int(11) NOT NULL auto_increment,
  `name` varchar(255) default NULL,
  `created_at` datetime default NULL,
  `updated_at` datetime default NULL,
  PRIMARY KEY  (`id`)
) ENGINE=InnoDB AUTO_INCREMENT=10 DEFAULT CHARSET=latin1;
SET character_set_client = @saved_cs_client;

--
-- Dumping data for table `movement_types`
--

LOCK TABLES `movement_types` WRITE;
/*!40000 ALTER TABLE `movement_types` DISABLE KEYS */;
INSERT INTO `movement_types` VALUES (1,'Venta','2008-11-06 17:39:09','2008-11-06 17:39:09'),(2,'Compra','2008-11-06 17:39:09','2008-11-06 17:39:09'),(3,'Transferencia','2008-11-06 17:39:09','2008-11-06 17:39:09'),(4,'Cuenta Fisica','2008-11-06 17:39:09','2008-11-06 17:39:09'),(5,'Devolucion de Venta',NULL,NULL),(6,'Devolucion de Compra',NULL,NULL),(7,'Devolucion de Transferencia',NULL,NULL),(8,'Consumo Interno',NULL,NULL),(9,'Devolucion de Consumo Interno',NULL,NULL);
/*!40000 ALTER TABLE `movement_types` ENABLE KEYS */;
UNLOCK TABLES;

--
-- Table structure for table `movements`
--

DROP TABLE IF EXISTS `movements`;
SET @saved_cs_client     = @@character_set_client;
SET character_set_client = utf8;
CREATE TABLE `movements` (
  `id` int(11) NOT NULL auto_increment,
  `entity_id` int(11) default NULL,
  `product_id` int(11) default NULL,
  `quantity` int(11) default NULL,
  `movement_type_id` int(11) default NULL,
  `user_id` int(11) default NULL,
  `created_at` datetime default NULL,
  `updated_at` datetime default NULL,
  `order_id` int(11) default NULL,
  `serialized_product_id` int(11) default NULL,
  `line_id` int(11) default NULL,
  `comments` text,
  PRIMARY KEY  (`id`)
) ENGINE=InnoDB AUTO_INCREMENT=5667 DEFAULT CHARSET=latin1;
SET character_set_client = @saved_cs_client;

--
-- Dumping data for table `movements`
--

LOCK TABLES `movements` WRITE;
/*!40000 ALTER TABLE `movements` DISABLE KEYS */;
INSERT INTO `movements` VALUES (5192,1249,429,1,2,6,'2008-12-25 19:57:42','2008-12-25 19:57:42',1159,NULL,657,NULL),(5193,1249,429,1,2,6,'2008-12-25 20:16:23','2008-12-25 20:16:23',1160,NULL,658,NULL),(5194,1249,429,1,2,6,'2008-12-25 20:20:10','2008-12-25 20:20:10',1161,NULL,659,NULL),(5195,1249,429,1,2,6,'2008-12-25 20:20:51','2008-12-25 20:20:51',1162,NULL,660,NULL),(5202,1249,429,5,2,6,'2009-01-02 20:49:29','2009-01-02 20:49:29',1180,NULL,672,NULL),(5203,1249,429,-5,6,6,'2009-01-02 20:49:51','2009-01-02 20:49:51',1180,NULL,672,NULL),(5204,1249,429,3,2,6,'2009-01-02 20:49:59','2009-01-02 20:49:59',1180,NULL,672,NULL),(5205,1249,429,1,2,6,'2009-01-02 20:52:38','2009-01-02 20:52:38',1180,NULL,673,NULL),(5206,1249,429,1,2,6,'2009-01-02 20:55:29','2009-01-02 20:55:29',1162,NULL,674,NULL),(5207,1249,429,1,2,6,'2009-01-02 20:55:55','2009-01-02 20:55:55',1162,NULL,675,NULL),(5208,1249,432,1,2,6,'2009-01-02 21:05:39','2009-01-02 21:05:39',1181,1,676,NULL),(5209,1249,432,1,2,6,'2009-01-02 21:05:39','2009-01-02 21:05:39',1181,2,677,NULL),(5210,1249,432,1,2,6,'2009-01-02 21:05:39','2009-01-02 21:05:39',1181,3,678,NULL),(5211,1249,432,1,2,6,'2009-01-02 21:09:56','2009-01-02 21:09:56',1182,4,679,NULL),(5212,1249,432,1,2,6,'2009-01-02 21:16:13','2009-01-02 21:16:13',1183,5,680,NULL),(5213,1249,432,1,2,6,'2009-01-02 21:20:22','2009-01-02 21:20:22',1186,6,681,NULL),(5214,1249,432,1,2,6,'2009-01-02 21:20:52','2009-01-02 21:20:52',1187,7,682,NULL),(5215,1249,429,1,2,6,'2009-01-03 20:08:33','2009-01-03 20:08:33',1188,NULL,683,NULL),(5216,1249,NULL,1,2,6,'2009-01-03 20:08:33','2009-01-03 20:08:33',1188,8,684,NULL),(5217,1249,NULL,-1,6,6,'2009-01-03 20:08:33','2009-01-03 20:08:33',1188,8,684,NULL),(5218,1249,NULL,1,2,6,'2009-01-03 20:21:00','2009-01-03 20:21:00',1189,9,685,NULL),(5219,1249,432,1,2,6,'2009-01-03 20:27:16','2009-01-03 20:27:16',1190,10,686,NULL),(5220,1249,432,-1,6,6,'2009-01-03 21:05:26','2009-01-03 21:05:26',1190,10,686,NULL),(5221,1249,432,1,2,6,'2009-01-03 21:05:45','2009-01-03 21:05:45',1190,11,686,NULL),(5222,1249,432,1,2,6,'2009-01-03 21:17:05','2009-01-03 21:17:05',1190,12,687,NULL),(5223,1249,NULL,1,2,6,'2009-01-03 21:22:11','2009-01-03 21:22:11',1191,13,688,NULL),(5224,1249,NULL,1,2,6,'2009-01-03 21:42:50','2009-01-03 21:42:50',1192,14,689,NULL),(5225,1249,432,1,2,6,'2009-01-03 21:49:57','2009-01-03 21:49:57',1193,15,690,NULL),(5226,1249,NULL,1,2,6,'2009-01-03 21:51:16','2009-01-03 21:51:16',1194,16,691,NULL),(5227,1249,432,-1,6,6,'2009-01-03 21:54:35','2009-01-03 21:54:35',1186,6,681,NULL),(5228,1249,432,1,2,6,'2009-01-03 21:54:35','2009-01-03 21:54:35',1186,17,681,NULL),(5229,1249,429,1,2,6,'2009-01-03 21:58:09','2009-01-03 21:58:09',1185,NULL,692,NULL),(5230,1249,432,1,2,6,'2009-01-03 21:58:09','2009-01-03 21:58:09',1185,18,693,NULL),(5231,1249,432,-1,6,6,'2009-01-03 21:58:09','2009-01-03 21:58:09',1185,18,693,NULL),(5232,1249,432,1,2,6,'2009-01-03 21:59:30','2009-01-03 21:59:30',1195,19,694,NULL),(5233,1249,NULL,1,2,6,'2009-01-03 22:18:42','2009-01-03 22:18:42',1196,20,695,NULL),(5234,1249,NULL,1,2,6,'2009-01-03 22:22:28','2009-01-03 22:22:28',1197,21,696,NULL),(5235,1249,NULL,1,2,6,'2009-01-03 22:26:25','2009-01-03 22:26:25',1198,22,697,NULL),(5236,1249,NULL,1,2,6,'2009-01-03 22:29:08','2009-01-03 22:29:08',1199,23,698,NULL),(5237,1249,NULL,1,2,6,'2009-01-03 22:30:40','2009-01-03 22:30:40',1200,24,699,NULL),(5238,1249,NULL,1,2,6,'2009-01-03 22:31:20','2009-01-03 22:31:20',1202,25,701,NULL),(5239,1249,NULL,1,2,6,'2009-01-03 22:32:50','2009-01-03 22:32:50',1203,26,702,NULL),(5240,1249,NULL,1,2,6,'2009-01-03 22:33:35','2009-01-03 22:33:35',1204,27,703,NULL),(5241,1249,NULL,1,2,6,'2009-01-03 22:35:25','2009-01-03 22:35:25',1205,28,704,NULL),(5242,1249,NULL,1,2,6,'2009-01-03 22:38:01','2009-01-03 22:38:01',1206,29,705,NULL),(5243,1249,NULL,1,2,6,'2009-01-03 22:47:24','2009-01-03 22:47:24',1207,30,706,NULL),(5244,1249,NULL,1,2,6,'2009-01-03 22:49:16','2009-01-03 22:49:16',1208,31,707,NULL),(5245,1249,NULL,1,2,6,'2009-01-03 22:54:17','2009-01-03 22:54:17',1210,32,708,NULL),(5246,1249,NULL,1,2,6,'2009-01-03 22:56:04','2009-01-03 22:56:04',1211,33,709,NULL),(5247,1249,NULL,1,2,6,'2009-01-03 22:59:50','2009-01-03 22:59:50',1212,34,710,NULL),(5248,1249,NULL,1,2,6,'2009-01-03 23:02:47','2009-01-03 23:02:47',1213,35,711,NULL),(5249,1249,NULL,1,2,6,'2009-01-03 23:13:06','2009-01-03 23:13:06',1217,38,712,NULL),(5250,1249,NULL,1,2,6,'2009-01-03 23:14:37','2009-01-03 23:14:37',1218,39,713,NULL),(5251,1249,432,-1,6,6,'2009-01-03 23:14:43','2009-01-03 23:14:43',1218,39,713,NULL),(5252,1249,432,1,2,6,'2009-01-03 23:14:43','2009-01-03 23:14:43',1218,32,713,NULL),(5253,1249,432,1,2,6,'2009-01-04 08:31:18','2009-01-04 08:31:18',1221,40,714,NULL),(5254,1249,432,1,2,6,'2009-01-04 08:35:02','2009-01-04 08:35:02',1222,41,715,NULL),(5255,1249,432,-1,6,6,'2009-01-04 08:56:28','2009-01-04 08:56:28',1222,41,715,NULL),(5256,1249,432,1,2,6,'2009-01-04 08:57:01','2009-01-04 08:57:01',1222,42,715,NULL),(5257,1249,432,-1,1,6,'2009-01-04 09:00:49','2009-01-04 09:00:49',1223,42,716,NULL),(5258,1249,429,1,2,6,'2009-01-04 09:07:39','2009-01-04 09:07:39',1222,NULL,717,NULL),(5259,1249,429,1,2,6,'2009-01-04 09:07:48','2009-01-04 09:07:48',1222,NULL,718,NULL),(5260,1249,429,1,2,6,'2009-01-04 09:08:41','2009-01-04 09:08:41',1222,NULL,719,NULL),(5261,1249,429,1,2,6,'2009-01-04 09:16:37','2009-01-04 09:16:37',1222,NULL,720,NULL),(5262,1249,433,3,2,6,'2009-01-04 09:36:50','2009-01-04 09:36:50',1224,NULL,721,NULL),(5263,1249,429,1,2,6,'2009-01-04 09:42:39','2009-01-04 09:42:39',1225,NULL,722,NULL),(5264,1249,429,-1,6,6,'2009-01-04 09:44:30','2009-01-04 09:44:30',1225,NULL,722,NULL),(5265,1249,429,1,2,6,'2009-01-04 09:44:39','2009-01-04 09:44:39',1225,NULL,722,NULL),(5266,1249,429,-1,6,6,'2009-01-04 09:47:58','2009-01-04 09:47:58',1225,NULL,722,NULL),(5267,1249,429,1,2,6,'2009-01-04 09:49:45','2009-01-04 09:49:45',1225,NULL,722,NULL),(5268,1249,429,-1,6,6,'2009-01-04 10:29:59','2009-01-04 10:29:59',1225,NULL,722,NULL),(5269,1249,429,1,2,6,'2009-01-04 10:32:00','2009-01-04 10:32:00',1225,NULL,722,NULL),(5270,1249,429,-1,6,6,'2009-01-04 10:40:25','2009-01-04 10:40:25',1225,NULL,722,NULL),(5271,1249,429,1,2,6,'2009-01-04 11:02:23','2009-01-04 11:02:23',1225,NULL,724,NULL),(5272,1249,429,1,2,6,'2009-01-04 11:02:47','2009-01-04 11:02:47',1225,NULL,725,NULL),(5273,1249,429,1,2,6,'2009-01-04 11:02:57','2009-01-04 11:02:57',1225,NULL,726,NULL),(5274,1249,NULL,-1,1,6,'2009-01-04 11:07:06','2009-01-04 11:07:06',1226,32,727,NULL),(5275,1249,429,1,2,6,'2009-01-04 11:53:18','2009-01-04 11:53:18',1216,NULL,728,NULL),(5276,1249,429,-1,6,6,'2009-01-04 11:53:29','2009-01-04 11:53:29',1216,NULL,728,NULL),(5277,1249,429,1,2,6,'2009-01-04 11:53:47','2009-01-04 11:53:47',1216,NULL,728,NULL),(5278,1249,429,-1,6,6,'2009-01-04 11:58:39','2009-01-04 11:58:39',1216,NULL,728,NULL),(5279,1249,432,1,2,6,'2009-01-04 12:39:23','2009-01-04 12:39:23',1228,43,729,NULL),(5280,1249,432,1,2,6,'2009-01-04 12:45:54','2009-01-04 12:45:54',1230,44,730,NULL),(5281,1249,434,1,2,6,'2009-01-04 18:45:29','2009-01-04 18:45:29',1231,45,731,NULL),(5282,1249,434,1,2,6,'2009-01-04 18:48:52','2009-01-04 18:48:52',1231,46,732,NULL),(5283,1249,434,1,2,6,'2009-01-04 18:49:13','2009-01-04 18:49:13',1231,47,733,NULL),(5284,1249,434,1,2,6,'2009-01-04 18:49:13','2009-01-04 18:49:13',1231,48,734,NULL),(5285,1249,434,1,2,6,'2009-01-04 18:50:12','2009-01-04 18:50:12',1231,45,735,NULL),(5286,1249,435,5,2,6,'2009-01-04 21:52:57','2009-01-04 21:52:57',1232,NULL,736,NULL),(5287,1249,436,1,2,6,'2009-01-04 21:54:07','2009-01-04 21:54:07',1232,49,737,NULL),(5288,1249,436,1,2,6,'2009-01-04 21:54:07','2009-01-04 21:54:07',1232,50,738,NULL),(5289,1249,436,1,2,6,'2009-01-04 21:54:07','2009-01-04 21:54:07',1232,51,739,NULL),(5290,1249,436,-1,6,6,'2009-01-04 22:04:23','2009-01-04 22:04:23',1232,49,737,NULL),(5291,1249,436,-1,6,6,'2009-01-04 22:04:23','2009-01-04 22:04:23',1232,50,738,NULL),(5292,1249,436,-1,6,6,'2009-01-04 22:04:23','2009-01-04 22:04:23',1232,51,739,NULL),(5293,1249,436,1,2,6,'2009-01-04 22:04:33','2009-01-04 22:04:33',1232,52,737,NULL),(5294,1249,436,1,2,6,'2009-01-04 22:04:33','2009-01-04 22:04:33',1232,53,738,NULL),(5295,1249,436,1,2,6,'2009-01-04 22:04:33','2009-01-04 22:04:33',1232,54,739,NULL),(5296,1249,436,1,2,6,'2009-01-06 15:24:32','2009-01-06 15:24:32',1233,46,740,NULL),(5297,1249,436,-1,1,6,'2009-01-06 15:26:27','2009-01-06 15:26:27',1234,46,748,NULL),(5298,1249,429,-1,1,6,'2009-01-11 22:24:56','2009-01-11 22:24:56',1178,NULL,757,NULL),(5299,1249,429,-1,1,6,'2009-01-11 22:24:56','2009-01-11 22:24:56',1178,NULL,758,NULL),(5300,1249,429,1,5,6,'2009-01-11 23:35:05','2009-01-11 23:35:05',1178,NULL,757,NULL),(5301,1249,429,1,5,6,'2009-01-11 23:35:05','2009-01-11 23:35:05',1178,NULL,758,NULL),(5302,1249,429,-2,1,6,'2009-01-12 00:18:17','2009-01-12 00:18:17',1178,NULL,757,NULL),(5303,1249,429,-3,1,6,'2009-01-12 00:18:17','2009-01-12 00:18:17',1178,NULL,758,NULL),(5304,1249,429,-1,1,6,'2009-01-12 00:38:09','2009-01-12 00:38:09',1178,NULL,759,NULL),(5305,1249,437,5,2,6,'2009-01-20 17:25:12','2009-01-20 17:25:12',1237,NULL,761,NULL),(5306,1249,437,5,2,6,'2009-01-20 17:34:47','2009-01-20 17:34:47',1238,NULL,762,NULL),(5307,1249,437,-5,6,6,'2009-01-20 17:46:03','2009-01-20 17:46:03',1238,NULL,762,NULL),(5308,1249,437,8,2,6,'2009-01-20 17:46:19','2009-01-20 17:46:19',1238,NULL,762,NULL),(5309,1249,437,4,2,6,'2009-01-20 17:58:40','2009-01-20 17:58:40',1239,NULL,763,NULL),(5310,1249,437,-4,6,6,'2009-01-20 17:58:55','2009-01-20 17:58:55',1239,NULL,763,NULL),(5311,1249,437,-5,6,6,'2009-01-20 19:51:56','2009-01-20 19:51:56',1237,NULL,761,NULL),(5312,1249,437,5,2,6,'2009-01-20 19:52:14','2009-01-20 19:52:14',1237,NULL,761,NULL),(5313,1249,437,-8,6,6,'2009-01-20 19:53:28','2009-01-20 19:53:28',1238,NULL,762,NULL),(5314,1249,437,8,2,6,'2009-01-20 19:53:39','2009-01-20 19:53:39',1238,NULL,762,NULL),(5315,1249,430,-1,1,6,'2009-01-22 13:51:16','2009-01-22 13:51:16',1240,NULL,764,NULL),(5320,1249,429,1,4,6,'2009-01-29 12:50:39','2009-01-29 12:50:39',1250,NULL,769,NULL),(5321,1261,429,10,2,6,'2009-01-29 12:54:40','2009-01-29 12:54:40',1251,NULL,770,NULL),(5322,1261,429,1,4,6,'2009-01-29 12:54:55','2009-01-29 12:54:55',1252,NULL,771,NULL),(5323,1261,429,-2,8,6,'2009-01-29 13:08:36','2009-01-29 13:08:36',1253,NULL,772,NULL),(5324,1261,429,2,9,6,'2009-01-29 13:09:02','2009-01-29 13:09:02',1253,NULL,772,NULL),(5325,1249,437,-5,6,6,'2009-01-31 22:26:53','2009-01-31 22:26:53',1237,NULL,761,NULL),(5326,1249,437,5,2,6,'2009-01-31 22:27:09','2009-01-31 22:27:09',1237,NULL,761,NULL),(5327,1249,437,-5,6,6,'2009-01-31 22:27:16','2009-01-31 22:27:16',1237,NULL,761,NULL),(5328,1249,437,-8,6,6,'2009-01-31 22:39:10','2009-01-31 22:39:10',1238,NULL,762,NULL),(5329,1249,442,1,2,6,'2009-02-07 13:20:04','2009-02-07 13:20:04',1254,NULL,773,NULL),(5330,1249,429,-1,1,6,'2009-02-10 17:25:16','2009-02-10 17:25:16',1255,NULL,775,NULL),(5331,1249,429,-2,1,6,'2009-02-10 18:16:32','2009-02-10 18:16:32',1256,NULL,777,NULL),(5332,1249,434,-1,1,6,'2009-02-10 18:16:32','2009-02-10 18:16:32',1256,45,778,NULL),(5333,1249,450,-1,1,6,'2009-02-11 12:38:39','2009-02-11 12:38:39',1257,NULL,781,NULL),(5334,1249,450,1,5,6,'2009-02-11 12:39:04','2009-02-11 12:39:04',1257,NULL,781,NULL),(5335,1249,450,-1,1,6,'2009-02-11 12:45:21','2009-02-11 12:45:21',1258,NULL,782,'This is a test. Can you hear me?'),(5336,1249,455,10,2,6,'2009-02-17 11:11:06','2009-02-17 11:11:06',1260,NULL,791,NULL),(5337,1249,456,26,2,6,'2009-02-17 11:11:06','2009-02-17 11:11:06',1260,NULL,792,NULL),(5338,1249,458,-1,1,6,'2009-02-17 11:32:58','2009-02-17 11:32:58',1261,NULL,793,''),(5339,1249,455,-1,1,6,'2009-02-17 11:32:58','2009-02-17 11:32:58',1261,NULL,794,''),(5340,1249,456,-1,1,6,'2009-02-17 11:32:58','2009-02-17 11:32:58',1261,NULL,795,''),(5341,1249,451,-1,1,6,'2009-02-17 11:32:58','2009-02-17 11:32:58',1261,NULL,796,''),(5348,1249,451,24,2,6,'2009-02-17 15:15:13','2009-02-17 15:15:13',1268,NULL,803,''),(5352,1249,455,-1,1,6,'2009-02-17 16:34:12','2009-02-17 16:34:12',1272,NULL,807,''),(5353,1249,429,-1,1,6,'2009-02-20 12:52:26','2009-02-20 12:52:26',1274,NULL,821,''),(5354,1249,434,-1,1,6,'2009-02-20 12:52:26','2009-02-20 12:52:26',1274,45,822,''),(5355,1249,434,-1,1,6,'2009-02-20 12:52:26','2009-02-20 12:52:26',1274,46,823,''),(5356,1249,434,1,5,6,'2009-02-20 12:53:46','2009-02-20 12:53:46',1274,46,823,''),(5357,1249,434,-1,1,6,'2009-02-20 12:54:06','2009-02-20 12:54:06',1274,46,824,''),(5358,1249,429,-2,1,6,'2009-02-23 16:20:32','2009-02-23 16:20:32',1275,NULL,825,''),(5359,1249,429,-2,1,6,'2009-02-23 16:20:54','2009-02-23 16:20:54',1276,NULL,826,''),(5360,1249,429,-2,1,6,'2009-02-23 16:22:19','2009-02-23 16:22:19',1277,NULL,827,''),(5361,1249,429,2,5,6,'2009-02-23 16:39:10','2009-02-23 16:39:10',1277,NULL,827,''),(5362,1249,429,-1,1,6,'2009-02-24 10:06:39','2009-02-24 10:06:39',1278,NULL,828,''),(5363,1249,429,1,5,6,'2009-02-24 10:09:32','2009-02-24 10:09:32',1278,NULL,828,''),(5364,1249,429,-1,1,6,'2009-02-24 10:09:39','2009-02-24 10:09:39',1278,NULL,828,''),(5366,1249,429,1,5,6,'2009-02-24 11:29:32','2009-02-24 11:29:32',1278,NULL,828,''),(5367,1249,429,1,4,6,'2009-02-24 12:46:30','2009-02-24 12:46:30',1279,NULL,829,''),(5368,1249,429,1,4,6,'2009-02-24 12:51:09','2009-02-24 12:51:09',1280,NULL,830,''),(5369,1249,429,1,4,6,'2009-02-24 12:52:54','2009-02-24 12:52:54',1281,NULL,831,''),(5370,1249,429,-1,1,6,'2009-02-24 13:08:27','2009-02-24 13:08:27',1282,NULL,832,''),(5371,1249,429,-1,8,6,'2009-02-24 13:20:17','2009-02-24 13:20:17',1283,NULL,833,''),(5372,1249,429,15,2,6,'2009-02-24 13:21:26','2009-02-24 13:21:26',1284,NULL,834,''),(5373,1249,429,-1,1,6,'2009-02-27 19:49:28','2009-02-27 19:49:28',1285,NULL,835,''),(5374,1249,429,-1,1,6,'2009-02-27 19:49:28','2009-02-27 19:49:28',1285,NULL,836,''),(5375,1249,429,-1,1,6,'2009-02-27 19:49:29','2009-02-27 19:49:29',1285,NULL,837,''),(5376,1249,462,100,2,6,'2009-03-05 20:45:00','2009-03-05 20:45:00',1286,NULL,838,''),(5377,1249,462,100,2,6,'2009-03-05 20:53:31','2009-03-05 20:53:31',1286,NULL,839,''),(5378,1249,462,-78,1,6,'2009-03-05 20:59:59','2009-03-05 20:59:59',1287,NULL,840,''),(5379,1249,463,-1,1,6,'2009-03-05 21:15:31','2009-03-05 21:15:31',1288,NULL,841,''),(5380,1249,429,-1,1,6,'2009-03-10 12:41:22','2009-03-10 12:41:22',1296,NULL,844,''),(5381,1249,429,-1,1,6,'2009-03-10 12:41:32','2009-03-10 12:41:32',1297,NULL,845,''),(5382,1249,429,-5,1,6,'2009-03-12 22:29:10','2009-03-12 22:29:10',1304,NULL,852,''),(5383,1249,454,0,5,6,'2009-03-12 22:29:10','2009-03-12 22:29:10',1304,NULL,853,''),(5384,1249,454,0,5,6,'2009-03-12 22:29:10','2009-03-12 22:29:10',1304,NULL,853,''),(5385,1249,429,-1,1,6,'2009-03-12 22:31:23','2009-03-12 22:31:23',1304,NULL,852,''),(5386,1249,454,0,5,6,'2009-03-12 22:31:23','2009-03-12 22:31:23',1304,NULL,853,''),(5387,1249,454,1,5,6,'2009-03-12 22:31:23','2009-03-12 22:31:23',1304,NULL,853,''),(5388,1249,429,-1,1,6,'2009-03-12 22:33:38','2009-03-12 22:33:38',1304,NULL,852,''),(5389,1249,429,7,5,6,'2009-03-12 22:35:01','2009-03-12 22:35:01',1304,NULL,852,''),(5390,1249,429,3,5,6,'2009-03-12 22:35:33','2009-03-12 22:35:33',1304,NULL,852,''),(5391,1249,429,-3,1,6,'2009-03-12 22:38:29','2009-03-12 22:38:29',1304,NULL,852,''),(5392,1249,429,-2,1,6,'2009-03-12 22:38:41','2009-03-12 22:38:41',1304,NULL,852,''),(5393,1249,429,-3,5,6,'2009-03-12 22:38:53','2009-03-12 22:38:53',1304,NULL,852,''),(5394,1249,429,-5,1,6,'2009-03-12 22:41:45','2009-03-12 22:41:45',1304,NULL,852,''),(5395,1249,429,1,5,6,'2009-03-12 22:41:59','2009-03-12 22:41:59',1304,NULL,852,''),(5396,1249,429,-6,5,6,'2009-03-12 22:42:16','2009-03-12 22:42:16',1304,NULL,852,''),(5397,1249,429,-6,1,6,'2009-03-12 22:44:00','2009-03-12 22:44:00',1304,NULL,852,''),(5398,1249,429,6,5,6,'2009-03-12 22:44:15','2009-03-12 22:44:15',1304,NULL,852,''),(5399,1249,429,-6,1,6,'2009-03-12 22:44:34','2009-03-12 22:44:34',1304,NULL,852,''),(5400,1249,429,-6,5,6,'2009-03-12 22:44:46','2009-03-12 22:44:46',1304,NULL,852,''),(5401,1249,429,-6,1,6,'2009-03-12 22:46:30','2009-03-12 22:46:30',1304,NULL,852,''),(5402,1249,429,-6,5,6,'2009-03-12 22:46:36','2009-03-12 22:46:36',1304,NULL,852,''),(5403,1249,429,-6,1,6,'2009-03-12 22:48:25','2009-03-12 22:48:25',1304,NULL,852,''),(5404,1249,429,-6,5,6,'2009-03-12 22:48:31','2009-03-12 22:48:31',1304,NULL,852,''),(5405,1249,429,-6,1,6,'2009-03-12 22:50:23','2009-03-12 22:50:23',1304,NULL,852,''),(5406,1249,429,6,5,6,'2009-03-12 22:50:30','2009-03-12 22:50:30',1304,NULL,852,''),(5407,1249,429,-6,1,6,'2009-03-12 22:50:45','2009-03-12 22:50:45',1304,NULL,852,''),(5408,1249,429,-2,1,6,'2009-03-12 22:50:53','2009-03-12 22:50:53',1304,NULL,852,''),(5409,1249,429,1,5,6,'2009-03-12 22:51:02','2009-03-12 22:51:02',1304,NULL,852,''),(5410,1249,429,-11,1,6,'2009-03-17 14:11:02','2009-03-17 14:11:02',1303,NULL,851,''),(5411,1249,429,-1,1,6,'2009-03-17 14:11:12','2009-03-17 14:11:12',1303,NULL,851,''),(5412,1249,429,69,4,6,'2009-03-17 20:44:40','2009-03-17 20:44:40',1298,NULL,848,''),(5413,1249,429,0,4,6,'2009-03-17 20:47:36','2009-03-17 20:47:36',1298,NULL,848,''),(5414,1249,429,-1,1,6,'2009-03-17 21:08:00','2009-03-17 21:08:00',1308,NULL,858,''),(5415,1249,429,-1,1,6,'2009-03-17 21:08:16','2009-03-17 21:08:16',1309,NULL,859,''),(5416,1249,429,-1,1,6,'2009-03-17 21:08:56','2009-03-17 21:08:56',1310,NULL,860,''),(5417,1249,429,-2,1,6,'2009-03-17 21:41:22','2009-03-17 21:41:22',1310,NULL,861,''),(5419,1249,434,1,2,6,'2009-03-18 10:51:34','2009-03-18 10:51:34',1313,56,870,''),(5424,1249,434,-1,1,6,'2009-03-18 10:56:46','2009-03-18 10:56:46',1316,56,873,''),(5425,1213,434,1,1,6,'2009-03-18 10:56:46','2009-03-18 10:56:46',1316,56,873,''),(5427,1253,432,-1,1,6,'2009-03-18 11:10:20','2009-03-18 11:10:20',1223,42,716,NULL),(5428,1253,NULL,-1,1,6,'2009-03-18 11:10:20','2009-03-18 11:10:20',1226,32,727,NULL),(5429,1253,436,-1,1,6,'2009-03-18 11:10:20','2009-03-18 11:10:20',1234,46,748,NULL),(5430,1254,429,-1,1,6,'2009-03-18 11:10:20','2009-03-18 11:10:20',1178,NULL,757,NULL),(5431,1254,429,-1,1,6,'2009-03-18 11:10:20','2009-03-18 11:10:20',1178,NULL,758,NULL),(5432,1254,429,-2,1,6,'2009-03-18 11:10:20','2009-03-18 11:10:20',1178,NULL,757,NULL),(5433,1254,429,-3,1,6,'2009-03-18 11:10:20','2009-03-18 11:10:20',1178,NULL,758,NULL),(5434,1254,429,-1,1,6,'2009-03-18 11:10:20','2009-03-18 11:10:20',1178,NULL,759,NULL),(5435,1253,430,-1,1,6,'2009-03-18 11:10:20','2009-03-18 11:10:20',1240,NULL,764,NULL),(5436,1256,429,-1,1,6,'2009-03-18 11:10:20','2009-03-18 11:10:20',1255,NULL,775,NULL),(5437,1256,429,-2,1,6,'2009-03-18 11:10:20','2009-03-18 11:10:20',1256,NULL,777,NULL),(5438,1256,434,-1,1,6,'2009-03-18 11:10:20','2009-03-18 11:10:20',1256,45,778,NULL),(5439,1256,450,-1,1,6,'2009-03-18 11:10:20','2009-03-18 11:10:20',1257,NULL,781,NULL),(5440,1256,450,-1,1,6,'2009-03-18 11:10:20','2009-03-18 11:10:20',1258,NULL,782,NULL),(5441,1265,458,-1,1,6,'2009-03-18 11:10:20','2009-03-18 11:10:20',1261,NULL,793,NULL),(5442,1265,455,-1,1,6,'2009-03-18 11:10:20','2009-03-18 11:10:20',1261,NULL,794,NULL),(5443,1265,456,-1,1,6,'2009-03-18 11:10:20','2009-03-18 11:10:20',1261,NULL,795,NULL),(5444,1265,451,-1,1,6,'2009-03-18 11:10:20','2009-03-18 11:10:20',1261,NULL,796,NULL),(5445,1256,455,-1,1,6,'2009-03-18 11:10:20','2009-03-18 11:10:20',1272,NULL,807,NULL),(5446,1256,429,-1,1,6,'2009-03-18 11:10:20','2009-03-18 11:10:20',1274,NULL,821,NULL),(5447,1256,434,-1,1,6,'2009-03-18 11:10:20','2009-03-18 11:10:20',1274,45,822,NULL),(5448,1256,434,-1,1,6,'2009-03-18 11:10:20','2009-03-18 11:10:20',1274,46,823,NULL),(5449,1256,434,-1,1,6,'2009-03-18 11:10:20','2009-03-18 11:10:20',1274,46,824,NULL),(5450,1256,429,-2,1,6,'2009-03-18 11:10:20','2009-03-18 11:10:20',1275,NULL,825,NULL),(5451,1256,429,-2,1,6,'2009-03-18 11:10:20','2009-03-18 11:10:20',1276,NULL,826,NULL),(5452,1256,429,-2,1,6,'2009-03-18 11:10:20','2009-03-18 11:10:20',1277,NULL,827,NULL),(5453,1256,429,-1,1,6,'2009-03-18 11:10:20','2009-03-18 11:10:20',1278,NULL,828,NULL),(5454,1256,429,-1,1,6,'2009-03-18 11:10:20','2009-03-18 11:10:20',1278,NULL,828,NULL),(5455,1256,429,-1,1,6,'2009-03-18 11:10:20','2009-03-18 11:10:20',1282,NULL,832,NULL),(5456,1256,429,-1,1,6,'2009-03-18 11:10:20','2009-03-18 11:10:20',1285,NULL,835,NULL),(5457,1256,429,-1,1,6,'2009-03-18 11:10:20','2009-03-18 11:10:20',1285,NULL,836,NULL),(5458,1256,429,-1,1,6,'2009-03-18 11:10:20','2009-03-18 11:10:20',1285,NULL,837,NULL),(5459,1256,462,-78,1,6,'2009-03-18 11:10:20','2009-03-18 11:10:20',1287,NULL,840,NULL),(5460,1262,463,-1,1,6,'2009-03-18 11:10:20','2009-03-18 11:10:20',1288,NULL,841,NULL),(5461,1213,429,-1,1,6,'2009-03-18 11:10:20','2009-03-18 11:10:20',1296,NULL,844,NULL),(5462,1213,429,-1,1,6,'2009-03-18 11:10:20','2009-03-18 11:10:20',1297,NULL,845,NULL),(5463,1213,429,-5,1,6,'2009-03-18 11:10:20','2009-03-18 11:10:20',1304,NULL,852,NULL),(5464,1213,429,-1,1,6,'2009-03-18 11:10:20','2009-03-18 11:10:20',1304,NULL,852,NULL),(5465,1213,429,-1,1,6,'2009-03-18 11:10:20','2009-03-18 11:10:20',1304,NULL,852,NULL),(5466,1213,429,-3,1,6,'2009-03-18 11:10:20','2009-03-18 11:10:20',1304,NULL,852,NULL),(5467,1213,429,-2,1,6,'2009-03-18 11:10:20','2009-03-18 11:10:20',1304,NULL,852,NULL),(5468,1213,429,-5,1,6,'2009-03-18 11:10:20','2009-03-18 11:10:20',1304,NULL,852,NULL),(5469,1213,429,-6,1,6,'2009-03-18 11:10:20','2009-03-18 11:10:20',1304,NULL,852,NULL),(5470,1213,429,-6,1,6,'2009-03-18 11:10:20','2009-03-18 11:10:20',1304,NULL,852,NULL),(5471,1213,429,-6,1,6,'2009-03-18 11:10:20','2009-03-18 11:10:20',1304,NULL,852,NULL),(5472,1213,429,-6,1,6,'2009-03-18 11:10:20','2009-03-18 11:10:20',1304,NULL,852,NULL),(5473,1213,429,-6,1,6,'2009-03-18 11:10:20','2009-03-18 11:10:20',1304,NULL,852,NULL),(5474,1213,429,-6,1,6,'2009-03-18 11:10:20','2009-03-18 11:10:20',1304,NULL,852,NULL),(5475,1213,429,-2,1,6,'2009-03-18 11:10:20','2009-03-18 11:10:20',1304,NULL,852,NULL),(5476,1213,429,-11,1,6,'2009-03-18 11:10:20','2009-03-18 11:10:20',1303,NULL,851,NULL),(5477,1213,429,-1,1,6,'2009-03-18 11:10:20','2009-03-18 11:10:20',1303,NULL,851,NULL),(5478,1213,429,-1,1,6,'2009-03-18 11:10:20','2009-03-18 11:10:20',1308,NULL,858,NULL),(5479,1213,429,-1,1,6,'2009-03-18 11:10:20','2009-03-18 11:10:20',1309,NULL,859,NULL),(5480,1213,429,-1,1,6,'2009-03-18 11:10:20','2009-03-18 11:10:20',1310,NULL,860,NULL),(5481,1213,429,-2,1,6,'2009-03-18 11:10:20','2009-03-18 11:10:20',1310,NULL,861,NULL),(5482,1213,434,-1,1,6,'2009-03-18 11:10:20','2009-03-18 11:10:20',1316,56,873,NULL),(5483,1213,434,1,1,6,'2009-03-18 11:10:20','2009-03-18 11:10:20',1316,56,873,NULL),(5484,1249,434,-1,4,6,'2009-03-18 11:36:31','2009-03-18 11:36:31',1312,47,869,''),(5485,1,434,1,4,6,'2009-03-18 11:36:31','2009-03-18 11:36:31',1312,47,869,''),(5486,1249,434,1,4,6,'2009-03-18 12:34:13','2009-03-18 12:34:13',1312,57,882,''),(5489,1249,434,1,2,6,'2009-03-19 22:52:27','2009-03-19 22:52:27',1319,58,891,''),(5490,1249,429,1,2,6,'2009-03-19 22:52:42','2009-03-19 22:52:42',1319,NULL,892,''),(5496,1249,462,100,2,6,'2009-03-19 23:25:24','2009-03-19 23:25:24',1320,NULL,898,NULL),(5497,1249,434,1,2,6,'2009-03-19 23:25:47','2009-03-19 23:25:47',1320,59,893,NULL),(5498,1249,434,1,2,6,'2009-03-19 23:25:47','2009-03-19 23:25:47',1320,60,894,NULL),(5499,1249,434,1,2,6,'2009-03-19 23:25:47','2009-03-19 23:25:47',1320,61,895,NULL),(5500,1249,434,1,2,6,'2009-03-19 23:25:47','2009-03-19 23:25:47',1320,62,896,NULL),(5501,1249,434,1,2,6,'2009-03-19 23:25:47','2009-03-19 23:25:47',1320,63,897,NULL),(5502,1249,462,100,2,6,'2009-03-19 23:25:47','2009-03-19 23:25:47',1320,NULL,898,''),(5503,1249,434,-1,1,6,'2009-03-19 23:29:01','2009-03-19 23:29:01',1321,62,899,''),(5504,1213,434,1,1,6,'2009-03-19 23:29:01','2009-03-19 23:29:01',1321,62,899,''),(5507,1249,434,1,4,6,'2009-03-20 00:18:01','2009-03-20 00:18:01',1322,62,906,''),(5508,1249,434,1,4,6,'2009-03-20 00:18:01','2009-03-20 00:18:01',1322,64,908,''),(5509,1249,434,-1,4,6,'2009-03-20 00:18:01','2009-03-20 00:18:01',1322,48,908,''),(5510,1,434,1,4,6,'2009-03-20 00:18:01','2009-03-20 00:18:01',1322,48,908,''),(5511,1249,434,-1,4,6,'2009-03-20 00:18:01','2009-03-20 00:18:01',1322,57,908,''),(5512,1,434,1,4,6,'2009-03-20 00:18:01','2009-03-20 00:18:01',1322,57,908,''),(5513,1249,429,1,4,6,'2009-03-20 00:18:01','2009-03-20 00:18:01',1322,NULL,902,''),(5514,1249,434,-1,4,6,'2009-03-20 15:34:41','2009-03-20 15:34:41',1322,64,907,''),(5515,1,434,1,4,6,'2009-03-20 15:34:41','2009-03-20 15:34:41',1322,64,907,''),(5516,1249,429,-198,1,6,'2009-03-20 16:30:07','2009-03-20 16:30:07',1310,NULL,861,''),(5517,1213,429,198,1,6,'2009-03-20 16:30:07','2009-03-20 16:30:07',1310,NULL,861,''),(5518,1249,429,198,5,6,'2009-03-20 16:32:03','2009-03-20 16:32:03',1310,NULL,861,''),(5519,1249,429,-198,1,6,'2009-03-20 16:32:13','2009-03-20 16:32:13',1310,NULL,861,''),(5520,1213,429,198,1,6,'2009-03-20 16:32:13','2009-03-20 16:32:13',1310,NULL,861,''),(5521,1249,429,198,5,6,'2009-03-20 16:34:35','2009-03-20 16:34:35',1310,NULL,861,''),(5522,1249,429,-198,1,6,'2009-03-20 16:35:20','2009-03-20 16:35:20',1310,NULL,861,''),(5523,1213,429,198,1,6,'2009-03-20 16:35:20','2009-03-20 16:35:20',1310,NULL,861,''),(5524,1249,429,198,5,6,'2009-03-20 16:37:02','2009-03-20 16:37:02',1310,NULL,861,''),(5525,1249,429,-198,1,6,'2009-03-20 16:37:10','2009-03-20 16:37:10',1310,NULL,861,''),(5526,1213,429,198,1,6,'2009-03-20 16:37:10','2009-03-20 16:37:10',1310,NULL,861,''),(5527,1249,429,198,5,6,'2009-03-20 16:43:36','2009-03-20 16:43:36',1310,NULL,861,''),(5528,1249,429,-198,1,6,'2009-03-20 16:43:51','2009-03-20 16:43:51',1310,NULL,861,''),(5529,1213,429,198,1,6,'2009-03-20 16:43:51','2009-03-20 16:43:51',1310,NULL,861,''),(5530,1249,429,198,5,6,'2009-03-20 16:45:40','2009-03-20 16:45:40',1310,NULL,861,''),(5531,1249,429,-198,1,6,'2009-03-20 16:45:46','2009-03-20 16:45:46',1310,NULL,861,''),(5532,1213,429,198,1,6,'2009-03-20 16:45:46','2009-03-20 16:45:46',1310,NULL,861,''),(5533,1249,429,198,5,6,'2009-03-20 16:47:55','2009-03-20 16:47:55',1310,NULL,861,''),(5534,1249,429,-198,1,6,'2009-03-20 16:48:07','2009-03-20 16:48:07',1310,NULL,861,''),(5535,1213,429,198,1,6,'2009-03-20 16:48:07','2009-03-20 16:48:07',1310,NULL,861,''),(5536,1249,429,198,5,6,'2009-03-20 16:51:25','2009-03-20 16:51:25',1310,NULL,861,''),(5537,1249,429,-198,1,6,'2009-03-20 16:51:38','2009-03-20 16:51:38',1310,NULL,861,''),(5538,1213,429,198,1,6,'2009-03-20 16:51:38','2009-03-20 16:51:38',1310,NULL,861,''),(5539,1249,429,198,5,6,'2009-03-20 16:54:47','2009-03-20 16:54:47',1310,NULL,861,''),(5540,1249,429,-198,1,6,'2009-03-20 16:56:17','2009-03-20 16:56:17',1310,NULL,861,''),(5541,1213,429,198,1,6,'2009-03-20 16:56:17','2009-03-20 16:56:17',1310,NULL,861,''),(5542,1249,429,-100,1,6,'2009-03-20 17:01:16','2009-03-20 17:01:16',1310,NULL,861,''),(5543,1213,429,100,1,6,'2009-03-20 17:01:17','2009-03-20 17:01:17',1310,NULL,861,''),(5544,1249,434,1,4,6,'2009-03-23 22:39:13','2009-03-23 22:39:13',1325,66,954,''),(5545,1249,434,-1,4,6,'2009-03-23 22:39:13','2009-03-23 22:39:13',1325,63,954,''),(5546,1,434,1,4,6,'2009-03-23 22:39:13','2009-03-23 22:39:13',1325,63,954,''),(5547,1249,429,308,4,6,'2009-03-23 22:39:15','2009-03-23 22:39:15',1325,NULL,955,''),(5548,1249,434,1,4,6,'2009-03-23 22:47:57','2009-03-23 22:47:57',1326,63,961,''),(5549,1249,434,-1,4,6,'2009-03-23 22:47:57','2009-03-23 22:47:57',1326,66,961,''),(5550,1,434,1,4,6,'2009-03-23 22:47:57','2009-03-23 22:47:57',1326,66,961,''),(5551,1249,429,5,4,6,'2009-03-23 22:47:58','2009-03-23 22:47:58',1326,NULL,962,''),(5552,1249,434,1,4,6,'2009-03-23 22:57:27','2009-03-23 22:57:27',1327,65,969,''),(5553,1249,434,1,4,6,'2009-03-23 22:57:27','2009-03-23 22:57:27',1327,64,970,''),(5554,1249,434,-1,4,6,'2009-03-23 23:00:52','2009-03-23 23:00:52',1328,59,971,''),(5555,1,434,1,4,6,'2009-03-23 23:00:52','2009-03-23 23:00:52',1328,59,971,''),(5556,1249,434,-1,4,6,'2009-03-23 23:00:52','2009-03-23 23:00:52',1328,60,971,''),(5557,1,434,1,4,6,'2009-03-23 23:00:52','2009-03-23 23:00:52',1328,60,971,''),(5558,1249,434,-1,4,6,'2009-03-23 23:00:52','2009-03-23 23:00:52',1328,61,971,''),(5559,1,434,1,4,6,'2009-03-23 23:00:52','2009-03-23 23:00:52',1328,61,971,''),(5560,1249,434,-1,4,6,'2009-03-23 23:00:52','2009-03-23 23:00:52',1328,62,971,''),(5561,1,434,1,4,6,'2009-03-23 23:00:52','2009-03-23 23:00:52',1328,62,971,''),(5562,1249,434,-1,4,6,'2009-03-23 23:00:52','2009-03-23 23:00:52',1328,63,971,''),(5563,1,434,1,4,6,'2009-03-23 23:00:52','2009-03-23 23:00:52',1328,63,971,''),(5564,1249,434,-1,4,6,'2009-03-23 23:00:52','2009-03-23 23:00:52',1328,65,971,''),(5565,1,434,1,4,6,'2009-03-23 23:00:52','2009-03-23 23:00:52',1328,65,971,''),(5566,1249,434,-1,4,6,'2009-03-23 23:00:52','2009-03-23 23:00:52',1328,64,971,''),(5567,1,434,1,4,6,'2009-03-23 23:00:52','2009-03-23 23:00:52',1328,64,971,''),(5568,1249,434,1,4,6,'2009-03-23 23:19:15','2009-03-23 23:19:15',1329,59,973,''),(5569,1249,434,-1,4,6,'2009-03-23 23:19:31','2009-03-23 23:19:31',1330,59,974,''),(5570,1,434,1,4,6,'2009-03-23 23:19:31','2009-03-23 23:19:31',1330,59,974,''),(5571,1249,441,-100,1,6,'2009-03-23 23:32:44','2009-03-23 23:32:44',1331,NULL,975,''),(5572,1213,441,100,1,6,'2009-03-23 23:32:44','2009-03-23 23:32:44',1331,NULL,975,''),(5573,1249,441,100,5,6,'2009-03-23 23:33:20','2009-03-23 23:33:20',1331,NULL,975,''),(5574,1249,434,-1,1,6,'2009-03-24 07:55:42','2009-03-24 07:55:42',1332,58,976,''),(5575,1213,434,1,1,6,'2009-03-24 07:55:42','2009-03-24 07:55:42',1332,58,976,''),(5576,1249,432,1,2,6,'2009-03-24 14:03:07','2009-03-24 14:03:07',1333,NULL,977,NULL),(5577,1249,432,1,2,6,'2009-03-24 14:03:07','2009-03-24 14:03:07',1333,NULL,978,NULL),(5578,1249,432,1,2,6,'2009-03-24 14:03:07','2009-03-24 14:03:07',1333,NULL,979,NULL),(5579,1249,441,100,2,6,'2009-03-24 14:03:07','2009-03-24 14:03:07',1333,NULL,980,NULL),(5580,1249,464,10,2,6,'2009-03-24 14:03:07','2009-03-24 14:03:07',1334,NULL,981,NULL),(5581,1249,466,6,2,6,'2009-03-24 14:11:18','2009-03-24 14:11:18',1335,NULL,982,NULL),(5582,1249,466,6,2,6,'2009-03-24 14:13:20','2009-03-24 14:13:20',1335,NULL,982,''),(5583,1249,465,5,2,6,'2009-03-24 16:25:16','2009-03-24 16:25:16',1336,NULL,983,NULL),(5584,1249,465,5,2,6,'2009-03-24 16:25:29','2009-03-24 16:25:29',1336,NULL,983,''),(5585,1249,465,-1,1,6,'2009-03-24 16:33:03','2009-03-24 16:33:03',1337,NULL,984,''),(5586,1213,465,1,1,6,'2009-03-24 16:33:03','2009-03-24 16:33:03',1337,NULL,984,''),(5587,1249,466,5,2,6,'2009-03-24 16:33:52','2009-03-24 16:33:52',1338,NULL,986,NULL),(5588,1249,467,1,2,6,'2009-03-26 10:34:47','2009-03-26 10:34:47',1339,NULL,987,''),(5589,1249,468,1,2,6,'2009-03-26 10:37:19','2009-03-26 10:37:19',1340,67,988,''),(5590,1249,468,1,2,6,'2009-03-26 10:37:19','2009-03-26 10:37:19',1340,68,989,''),(5591,1249,468,1,2,6,'2009-03-26 10:37:19','2009-03-26 10:37:19',1340,69,990,''),(5592,1249,434,1,4,6,'2009-03-26 10:42:52','2009-03-26 10:42:52',1341,58,991,''),(5593,1249,434,1,4,6,'2009-03-26 10:52:39','2009-03-26 10:52:39',1342,59,993,''),(5594,1249,434,1,4,6,'2009-03-26 10:52:39','2009-03-26 10:52:39',1342,60,994,''),(5595,1249,434,1,4,6,'2009-03-26 10:52:39','2009-03-26 10:52:39',1342,61,995,''),(5596,1249,434,-1,4,6,'2009-03-26 10:53:17','2009-03-26 10:53:17',1343,60,997,''),(5597,1,434,1,4,6,'2009-03-26 10:53:17','2009-03-26 10:53:17',1343,60,997,''),(5598,1249,434,-1,4,6,'2009-03-26 10:53:17','2009-03-26 10:53:17',1343,61,997,''),(5599,1,434,1,4,6,'2009-03-26 10:53:17','2009-03-26 10:53:17',1343,61,997,''),(5600,1249,467,5,2,6,'2009-03-28 12:30:11','2009-03-28 12:30:11',1344,NULL,998,NULL),(5601,1249,467,5,2,6,'2009-03-28 12:39:19','2009-03-28 12:39:19',1345,NULL,999,NULL),(5602,1249,467,5,2,6,'2009-03-28 12:41:31','2009-03-28 12:41:31',1346,NULL,1000,NULL),(5603,1249,467,5,2,6,'2009-03-28 12:46:02','2009-03-28 12:46:02',1347,NULL,1001,''),(5604,1249,434,-1,8,6,'2009-03-30 16:35:03','2009-03-30 16:35:03',1348,58,1002,''),(5605,1249,434,-1,8,6,'2009-03-30 16:35:04','2009-03-30 16:35:04',1348,59,1003,''),(5606,1249,434,-1,8,6,'2009-03-30 16:35:04','2009-03-30 16:35:04',1348,60,1004,''),(5607,1249,434,1,4,6,'2009-03-30 16:49:14','2009-03-30 16:49:14',1349,61,1008,''),(5608,1249,434,1,4,6,'2009-03-30 16:49:14','2009-03-30 16:49:14',1349,62,1009,''),(5609,1249,434,-1,4,6,'2009-03-30 16:56:43','2009-03-30 16:56:43',1350,62,1013,''),(5610,1,434,1,4,6,'2009-03-30 16:56:43','2009-03-30 16:56:43',1350,62,1013,''),(5611,1249,434,-1,4,6,'2009-03-30 17:15:59','2009-03-30 17:15:59',1351,61,1016,''),(5612,1,434,1,4,6,'2009-03-30 17:15:59','2009-03-30 17:15:59',1351,61,1016,''),(5613,1249,434,1,4,6,'2009-03-30 17:20:21','2009-03-30 17:20:21',1352,61,1020,''),(5614,1249,434,1,4,6,'2009-03-30 17:22:16','2009-03-30 17:22:16',1353,62,1025,''),(5615,1249,434,-1,4,6,'2009-03-30 17:27:08','2009-03-30 17:27:08',1354,60,1027,''),(5616,1,434,1,4,6,'2009-03-30 17:27:08','2009-03-30 17:27:08',1354,60,1027,''),(5617,1249,434,-1,4,6,'2009-03-30 17:27:08','2009-03-30 17:27:08',1354,61,1027,''),(5618,1,434,1,4,6,'2009-03-30 17:27:08','2009-03-30 17:27:08',1354,61,1027,''),(5619,1249,434,-1,4,6,'2009-03-30 17:27:08','2009-03-30 17:27:08',1354,62,1027,''),(5620,1,434,1,4,6,'2009-03-30 17:27:08','2009-03-30 17:27:08',1354,62,1027,''),(5621,1249,434,1,4,6,'2009-03-30 17:31:04','2009-03-30 17:31:04',1355,60,1030,''),(5622,1249,434,-1,4,6,'2009-03-30 17:43:46','2009-03-30 17:43:46',1356,60,1032,''),(5623,1,434,1,4,6,'2009-03-30 17:43:46','2009-03-30 17:43:46',1356,60,1032,''),(5624,1249,434,1,4,6,'2009-03-31 10:28:35','2009-03-31 10:28:35',1357,60,1035,''),(5625,1249,434,1,4,6,'2009-03-31 10:28:35','2009-03-31 10:28:35',1357,61,1036,''),(5626,1249,434,-1,4,6,'2009-03-31 10:31:21','2009-03-31 10:31:21',1358,61,1039,''),(5627,1,434,1,4,6,'2009-03-31 10:31:22','2009-03-31 10:31:22',1358,61,1039,''),(5628,1249,434,1,4,6,'2009-03-31 10:38:37','2009-03-31 10:38:37',1359,61,1043,''),(5629,1249,434,1,4,6,'2009-03-31 10:38:37','2009-03-31 10:38:37',1359,62,1044,''),(5630,1249,434,-1,4,6,'2009-03-31 11:05:06','2009-03-31 11:05:06',1360,59,1045,''),(5631,1,434,1,4,6,'2009-03-31 11:05:06','2009-03-31 11:05:06',1360,59,1045,''),(5632,1249,434,-1,4,6,'2009-03-31 11:05:06','2009-03-31 11:05:06',1360,60,1045,''),(5633,1,434,1,4,6,'2009-03-31 11:05:06','2009-03-31 11:05:06',1360,60,1045,''),(5634,1249,434,-1,4,6,'2009-03-31 11:05:06','2009-03-31 11:05:06',1360,61,1045,''),(5635,1,434,1,4,6,'2009-03-31 11:05:06','2009-03-31 11:05:06',1360,61,1045,''),(5636,1249,434,-1,4,6,'2009-03-31 11:05:06','2009-03-31 11:05:06',1360,62,1045,''),(5637,1,434,1,4,6,'2009-03-31 11:05:06','2009-03-31 11:05:06',1360,62,1045,''),(5638,1249,434,1,4,6,'2009-03-31 11:08:06','2009-03-31 11:08:06',1361,59,1047,''),(5639,1249,434,1,4,6,'2009-03-31 11:08:06','2009-03-31 11:08:06',1361,60,1048,''),(5640,1249,434,1,4,6,'2009-03-31 11:08:06','2009-03-31 11:08:06',1361,61,1049,''),(5641,1249,434,1,4,6,'2009-03-31 11:14:02','2009-03-31 11:14:02',1362,62,1054,''),(5642,1249,434,1,4,6,'2009-03-31 11:14:02','2009-03-31 11:14:02',1362,63,1055,''),(5643,1249,434,1,4,6,'2009-03-31 11:14:02','2009-03-31 11:14:02',1362,65,1056,''),(5644,1249,434,-1,4,6,'2009-03-31 11:18:22','2009-03-31 11:18:22',1363,59,1057,''),(5645,1,434,1,4,6,'2009-03-31 11:18:22','2009-03-31 11:18:22',1363,59,1057,''),(5646,1249,434,-1,4,6,'2009-03-31 11:18:22','2009-03-31 11:18:22',1363,60,1057,''),(5647,1,434,1,4,6,'2009-03-31 11:18:22','2009-03-31 11:18:22',1363,60,1057,''),(5648,1249,434,-1,4,6,'2009-03-31 11:18:22','2009-03-31 11:18:22',1363,61,1057,''),(5649,1,434,1,4,6,'2009-03-31 11:18:22','2009-03-31 11:18:22',1363,61,1057,''),(5650,1249,434,-1,4,6,'2009-03-31 11:18:22','2009-03-31 11:18:22',1363,62,1057,''),(5651,1,434,1,4,6,'2009-03-31 11:18:22','2009-03-31 11:18:22',1363,62,1057,''),(5652,1249,434,-1,4,6,'2009-03-31 11:18:22','2009-03-31 11:18:22',1363,63,1057,''),(5653,1,434,1,4,6,'2009-03-31 11:18:22','2009-03-31 11:18:22',1363,63,1057,''),(5654,1249,434,-1,4,6,'2009-03-31 11:18:22','2009-03-31 11:18:22',1363,65,1057,''),(5655,1,434,1,4,6,'2009-03-31 11:18:22','2009-03-31 11:18:22',1363,65,1057,''),(5656,1249,434,1,4,6,'2009-03-31 11:18:51','2009-03-31 11:18:51',1364,59,1059,''),(5657,1249,434,1,4,6,'2009-03-31 11:18:51','2009-03-31 11:18:51',1364,60,1060,''),(5658,1249,434,1,4,6,'2009-03-31 11:18:51','2009-03-31 11:18:51',1364,61,1061,''),(5659,1249,434,-1,4,6,'2009-03-31 11:25:02','2009-03-31 11:25:02',1365,60,1063,''),(5660,1,434,1,4,6,'2009-03-31 11:25:02','2009-03-31 11:25:02',1365,60,1063,''),(5661,1249,434,-1,4,6,'2009-03-31 11:25:02','2009-03-31 11:25:02',1365,61,1063,''),(5662,1,434,1,4,6,'2009-03-31 11:25:02','2009-03-31 11:25:02',1365,61,1063,''),(5663,1249,434,1,4,6,'2009-03-31 11:25:32','2009-03-31 11:25:32',1366,60,1066,''),(5664,1249,434,1,4,6,'2009-03-31 11:25:32','2009-03-31 11:25:32',1366,61,1067,''),(5665,1249,434,1,4,6,'2009-03-31 11:25:32','2009-03-31 11:25:32',1366,62,1068,''),(5666,1249,434,1,4,6,'2009-03-31 11:25:32','2009-03-31 11:25:32',1366,63,1069,'');
/*!40000 ALTER TABLE `movements` ENABLE KEYS */;
UNLOCK TABLES;

--
-- Table structure for table `order_types`
--

DROP TABLE IF EXISTS `order_types`;
SET @saved_cs_client     = @@character_set_client;
SET character_set_client = utf8;
CREATE TABLE `order_types` (
  `id` int(11) NOT NULL auto_increment,
  `name` varchar(255) default NULL,
  PRIMARY KEY  (`id`)
) ENGINE=MyISAM AUTO_INCREMENT=6 DEFAULT CHARSET=latin1;
SET character_set_client = @saved_cs_client;

--
-- Dumping data for table `order_types`
--

LOCK TABLES `order_types` WRITE;
/*!40000 ALTER TABLE `order_types` DISABLE KEYS */;
INSERT INTO `order_types` VALUES (1,'Venta'),(2,'Compra'),(3,'Consumo Interno'),(4,'Transferencia'),(5,'Cuenta Fisica');
/*!40000 ALTER TABLE `order_types` ENABLE KEYS */;
UNLOCK TABLES;

--
-- Table structure for table `orders`
--

DROP TABLE IF EXISTS `orders`;
SET @saved_cs_client     = @@character_set_client;
SET character_set_client = utf8;
CREATE TABLE `orders` (
  `id` int(11) NOT NULL auto_increment,
  `vendor_id` int(11) default NULL,
  `client_id` int(11) default NULL,
  `received` date default NULL,
  `ordered` date default NULL,
  `user_id` int(11) default NULL,
  `created_at` datetime default NULL,
  `updated_at` datetime default NULL,
  `serialized_product_id` int(11) default NULL,
  `last_batch` tinyint(1) default NULL,
  `receipt_printed` datetime default NULL,
  `receipt_number` int(11) default NULL,
  `comments` text,
  `order_type_id` int(11) default NULL,
  PRIMARY KEY  (`id`)
) ENGINE=InnoDB AUTO_INCREMENT=1367 DEFAULT CHARSET=latin1;
SET character_set_client = @saved_cs_client;

--
-- Dumping data for table `orders`
--

LOCK TABLES `orders` WRITE;
/*!40000 ALTER TABLE `orders` DISABLE KEYS */;
INSERT INTO `orders` VALUES (1159,1248,1249,NULL,'2008-12-25',6,'2008-12-25 19:57:42','2009-02-24 12:40:59',NULL,NULL,NULL,NULL,NULL,2),(1160,1248,1249,NULL,'2008-12-25',6,'2008-12-25 20:16:23','2009-02-24 12:40:59',NULL,NULL,NULL,NULL,NULL,2),(1161,1248,1249,NULL,'2008-12-25',6,'2008-12-25 20:20:10','2009-02-24 12:40:59',NULL,NULL,NULL,NULL,NULL,2),(1162,1248,1249,NULL,'2008-12-25',6,'2008-12-25 20:20:51','2009-02-24 12:40:59',NULL,NULL,NULL,NULL,NULL,2),(1163,1248,1249,NULL,'2009-01-02',6,'2009-01-02 12:51:16','2009-02-24 12:40:59',NULL,NULL,NULL,NULL,NULL,2),(1164,1248,1249,NULL,'2009-01-02',6,'2009-01-02 18:50:53','2009-02-24 12:40:59',NULL,NULL,NULL,NULL,NULL,2),(1167,1249,1256,NULL,'2009-01-02',6,'2009-01-02 19:00:41','2009-02-24 12:40:59',NULL,NULL,NULL,NULL,NULL,1),(1168,1248,1249,NULL,'2009-01-02',6,'2009-01-02 19:31:20','2009-02-24 12:40:59',NULL,NULL,NULL,NULL,NULL,2),(1169,1248,1249,NULL,'2009-01-02',6,'2009-01-02 19:32:18','2009-02-24 12:40:59',NULL,NULL,NULL,NULL,NULL,2),(1170,1248,1249,NULL,'2009-01-02',6,'2009-01-02 19:34:24','2009-02-24 12:40:59',NULL,NULL,NULL,NULL,NULL,2),(1171,1253,1249,NULL,'2009-01-02',6,'2009-01-02 19:35:44','2009-02-24 12:40:59',NULL,NULL,NULL,NULL,NULL,2),(1172,1253,1249,NULL,'2009-01-02',6,'2009-01-02 19:41:05','2009-02-24 12:40:59',NULL,NULL,NULL,NULL,NULL,2),(1173,1253,1249,NULL,'2009-01-02',6,'2009-01-02 19:45:25','2009-02-24 12:40:59',NULL,NULL,NULL,NULL,NULL,2),(1174,1253,1249,NULL,'2009-01-02',6,'2009-01-02 19:47:13','2009-02-24 12:40:59',NULL,NULL,NULL,NULL,NULL,2),(1175,1249,1256,NULL,'2009-01-02',6,'2009-01-02 19:58:11','2009-02-24 12:40:59',NULL,NULL,NULL,NULL,NULL,1),(1176,1249,1256,NULL,'2009-01-02',6,'2009-01-02 20:06:00','2009-02-24 12:40:59',NULL,NULL,NULL,NULL,NULL,1),(1177,1249,1256,NULL,'2009-01-02',6,'2009-01-02 20:07:29','2009-02-24 12:40:59',NULL,NULL,NULL,NULL,NULL,1),(1178,1249,1254,NULL,'2009-01-02',6,'2009-01-02 20:09:42','2009-02-24 12:40:59',NULL,NULL,NULL,NULL,NULL,1),(1179,1248,1249,NULL,'2009-01-02',6,'2009-01-02 20:27:35','2009-02-24 12:40:59',NULL,NULL,NULL,NULL,NULL,2),(1180,1248,1249,NULL,'2009-01-02',6,'2009-01-02 20:49:28','2009-02-24 12:40:59',NULL,NULL,NULL,NULL,NULL,2),(1181,1248,1249,NULL,'2009-01-02',6,'2009-01-02 21:05:39','2009-02-24 12:40:59',NULL,NULL,NULL,NULL,NULL,2),(1182,1248,1249,NULL,'2009-01-02',6,'2009-01-02 21:09:55','2009-02-24 12:40:59',NULL,NULL,NULL,NULL,NULL,2),(1183,1248,1249,NULL,'2009-01-02',6,'2009-01-02 21:16:13','2009-02-24 12:40:59',NULL,NULL,NULL,NULL,NULL,2),(1184,1248,1249,NULL,'2009-01-02',6,'2009-01-02 21:17:54','2009-02-24 12:40:59',NULL,NULL,NULL,NULL,NULL,2),(1185,1248,1249,NULL,'2009-01-02',6,'2009-01-02 21:20:01','2009-02-24 12:40:59',NULL,NULL,NULL,NULL,NULL,2),(1186,1248,1249,NULL,'2009-01-02',6,'2009-01-02 21:20:22','2009-02-24 12:40:59',NULL,NULL,NULL,NULL,NULL,2),(1187,1248,1249,NULL,'2009-01-02',6,'2009-01-02 21:20:52','2009-02-24 12:40:59',NULL,NULL,NULL,NULL,NULL,2),(1188,1248,1249,NULL,'2009-01-03',6,'2009-01-03 20:08:33','2009-02-24 12:40:59',NULL,NULL,NULL,NULL,NULL,2),(1189,1248,1249,NULL,'2009-01-03',6,'2009-01-03 20:20:21','2009-02-24 12:40:59',NULL,NULL,NULL,NULL,NULL,2),(1190,1248,1249,NULL,'2009-01-03',6,'2009-01-03 20:27:16','2009-02-24 12:40:59',NULL,NULL,NULL,NULL,NULL,2),(1191,1248,1249,NULL,'2009-01-03',6,'2009-01-03 21:22:11','2009-02-24 12:40:59',NULL,NULL,NULL,NULL,NULL,2),(1192,1248,1249,NULL,'2009-01-03',6,'2009-01-03 21:42:50','2009-02-24 12:40:59',NULL,NULL,NULL,NULL,NULL,2),(1193,1248,1249,NULL,'2009-01-03',6,'2009-01-03 21:49:57','2009-02-24 12:40:59',NULL,NULL,NULL,NULL,NULL,2),(1194,1248,1249,NULL,'2009-01-03',6,'2009-01-03 21:51:16','2009-02-24 12:40:59',NULL,NULL,NULL,NULL,NULL,2),(1195,1248,1249,NULL,'2009-01-03',6,'2009-01-03 21:59:29','2009-02-24 12:40:59',NULL,NULL,NULL,NULL,NULL,2),(1196,1248,1249,NULL,'2009-01-03',6,'2009-01-03 22:18:42','2009-02-24 12:40:59',NULL,NULL,NULL,NULL,NULL,2),(1197,1248,1249,NULL,'2009-01-03',6,'2009-01-03 22:22:28','2009-02-24 12:40:59',NULL,NULL,NULL,NULL,NULL,2),(1198,1248,1249,NULL,'2009-01-03',6,'2009-01-03 22:26:25','2009-02-24 12:40:59',NULL,NULL,NULL,NULL,NULL,2),(1199,1248,1249,NULL,'2009-01-03',6,'2009-01-03 22:29:08','2009-02-24 12:40:59',NULL,NULL,NULL,NULL,NULL,2),(1200,1248,1249,NULL,'2009-01-03',6,'2009-01-03 22:30:39','2009-02-24 12:40:59',NULL,NULL,NULL,NULL,NULL,2),(1201,1248,1249,NULL,'2009-01-03',6,'2009-01-03 22:31:02','2009-02-24 12:40:59',NULL,NULL,NULL,NULL,NULL,2),(1202,1248,1249,NULL,'2009-01-03',6,'2009-01-03 22:31:20','2009-02-24 12:40:59',NULL,NULL,NULL,NULL,NULL,2),(1203,1248,1249,NULL,'2009-01-03',6,'2009-01-03 22:32:50','2009-02-24 12:40:59',NULL,NULL,NULL,NULL,NULL,2),(1204,1248,1249,NULL,'2009-01-03',6,'2009-01-03 22:33:35','2009-02-24 12:40:59',NULL,NULL,NULL,NULL,NULL,2),(1205,1248,1249,NULL,'2009-01-03',6,'2009-01-03 22:35:25','2009-02-24 12:40:59',NULL,NULL,NULL,NULL,NULL,2),(1206,1248,1249,NULL,'2009-01-03',6,'2009-01-03 22:38:01','2009-02-24 12:40:59',NULL,NULL,NULL,NULL,NULL,2),(1207,1248,1249,NULL,'2009-01-03',6,'2009-01-03 22:47:24','2009-02-24 12:40:59',NULL,NULL,NULL,NULL,NULL,2),(1208,1248,1249,NULL,'2009-01-03',6,'2009-01-03 22:49:16','2009-02-24 12:40:59',NULL,NULL,NULL,NULL,NULL,2),(1209,1248,1249,NULL,'2009-01-03',6,'2009-01-03 22:53:40','2009-02-24 12:40:59',NULL,NULL,NULL,NULL,NULL,2),(1210,1248,1249,NULL,'2009-01-03',6,'2009-01-03 22:54:17','2009-02-24 12:40:59',NULL,NULL,NULL,NULL,NULL,2),(1211,1248,1249,NULL,'2009-01-03',6,'2009-01-03 22:56:04','2009-02-24 12:40:59',NULL,NULL,NULL,NULL,NULL,2),(1212,1248,1249,NULL,'2009-01-03',6,'2009-01-03 22:59:50','2009-02-24 12:40:59',NULL,NULL,NULL,NULL,NULL,2),(1213,1248,1249,NULL,'2009-01-03',6,'2009-01-03 23:02:47','2009-02-24 12:40:59',NULL,NULL,NULL,NULL,NULL,2),(1214,1248,1249,NULL,'2009-01-03',6,'2009-01-03 23:07:27','2009-02-24 12:40:59',NULL,NULL,NULL,NULL,NULL,2),(1215,1248,1249,NULL,'2009-01-03',6,'2009-01-03 23:12:05','2009-02-24 12:40:59',NULL,NULL,NULL,NULL,NULL,2),(1216,1248,1249,NULL,'2009-01-03',6,'2009-01-03 23:12:45','2009-02-24 12:40:59',NULL,NULL,NULL,NULL,NULL,2),(1217,1248,1249,NULL,'2009-01-03',6,'2009-01-03 23:13:06','2009-02-24 12:40:59',NULL,NULL,NULL,NULL,NULL,2),(1218,1248,1249,NULL,'2009-01-03',6,'2009-01-03 23:14:37','2009-02-24 12:40:59',NULL,NULL,NULL,NULL,NULL,2),(1219,1248,1249,NULL,'2009-01-04',6,'2009-01-04 08:27:00','2009-02-24 12:40:59',NULL,NULL,NULL,NULL,NULL,2),(1220,1248,1249,NULL,'2009-01-04',6,'2009-01-04 08:27:41','2009-02-24 12:40:59',NULL,NULL,NULL,NULL,NULL,2),(1221,1248,1249,NULL,'2009-01-04',6,'2009-01-04 08:31:17','2009-02-24 12:40:59',NULL,NULL,NULL,NULL,NULL,2),(1222,1248,1249,NULL,'2009-01-04',6,'2009-01-04 08:35:02','2009-02-24 12:40:59',NULL,NULL,NULL,NULL,NULL,2),(1223,1249,1253,NULL,'2009-01-04',6,'2009-01-04 09:00:49','2009-02-24 12:40:59',NULL,NULL,NULL,NULL,NULL,1),(1224,1254,1249,NULL,'2009-01-04',6,'2009-01-04 09:36:50','2009-02-24 12:40:59',NULL,NULL,NULL,NULL,NULL,2),(1225,1248,1249,NULL,'2009-01-04',6,'2009-01-04 09:42:39','2009-02-24 12:40:59',NULL,NULL,NULL,NULL,NULL,2),(1226,1249,1253,NULL,'2009-01-04',6,'2009-01-04 11:07:06','2009-02-24 12:40:59',NULL,NULL,NULL,NULL,NULL,1),(1227,1249,1253,NULL,'2009-01-04',6,'2009-01-04 11:13:27','2009-02-24 12:40:59',NULL,NULL,NULL,NULL,NULL,1),(1228,1248,1249,NULL,'2009-01-04',6,'2009-01-04 12:39:23','2009-02-24 12:40:59',NULL,NULL,NULL,NULL,NULL,2),(1229,1249,1253,NULL,'2009-01-04',6,'2009-01-04 12:43:41','2009-02-24 12:40:59',NULL,NULL,NULL,NULL,NULL,1),(1230,1248,1249,NULL,'2009-01-04',6,'2009-01-04 12:45:53','2009-02-24 12:40:59',NULL,NULL,NULL,NULL,NULL,2),(1231,1248,1249,NULL,'2009-01-04',6,'2009-01-04 18:45:29','2009-02-24 12:40:59',NULL,NULL,NULL,NULL,NULL,2),(1232,1255,1249,NULL,'2009-01-04',6,'2009-01-04 21:52:57','2009-02-24 12:40:59',NULL,NULL,NULL,NULL,NULL,2),(1233,1255,1249,NULL,'2009-01-06',6,'2009-01-06 15:23:29','2009-02-24 12:40:59',NULL,0,NULL,NULL,NULL,2),(1234,1249,1253,NULL,'2009-01-06',6,'2009-01-06 15:26:24','2009-02-24 12:40:59',NULL,NULL,NULL,NULL,NULL,1),(1235,1255,1249,NULL,NULL,6,'2009-01-06 17:49:05','2009-02-24 12:40:59',NULL,0,NULL,NULL,NULL,2),(1236,1255,1249,NULL,'2009-01-20',6,'2009-01-20 17:23:06','2009-02-24 12:40:59',NULL,NULL,NULL,NULL,NULL,2),(1237,1255,1249,NULL,'2009-01-20',6,'2009-01-20 17:25:12','2009-02-24 12:40:59',NULL,NULL,NULL,NULL,NULL,2),(1238,1255,1249,NULL,'2009-01-20',6,'2009-01-20 17:34:47','2009-02-24 12:40:59',NULL,NULL,NULL,2525345,NULL,2),(1239,1255,1249,NULL,'2009-01-20',6,'2009-01-20 17:58:40','2009-02-24 12:40:59',NULL,NULL,NULL,283646,NULL,2),(1240,1249,1253,NULL,'2009-01-22',6,'2009-01-22 13:46:47','2009-02-24 12:40:59',NULL,NULL,NULL,0,NULL,1),(1241,1249,1253,NULL,'2009-01-28',6,'2009-01-28 17:06:46','2009-02-24 12:40:59',NULL,NULL,NULL,NULL,NULL,1),(1242,1249,1256,NULL,'2009-01-28',6,'2009-01-28 17:23:30','2009-02-24 12:40:59',NULL,NULL,NULL,NULL,NULL,1),(1243,1249,1256,NULL,'2009-01-28',6,'2009-01-28 17:27:03','2009-02-24 12:40:59',NULL,NULL,NULL,NULL,NULL,1),(1244,1249,1256,NULL,'2009-01-28',6,'2009-01-28 17:34:21','2009-02-24 12:40:59',NULL,NULL,NULL,NULL,NULL,1),(1245,1248,1,NULL,'2009-01-29',6,'2009-01-29 12:14:58','2009-02-24 12:40:59',NULL,NULL,NULL,NULL,NULL,3),(1246,1248,1,NULL,'2009-01-29',6,'2009-01-29 12:16:05','2009-02-24 12:40:59',NULL,NULL,NULL,NULL,NULL,3),(1247,1248,1,NULL,'2009-01-29',6,'2009-01-29 12:42:35','2009-02-24 12:40:59',NULL,NULL,NULL,NULL,NULL,3),(1248,1248,1,NULL,'2009-01-29',6,'2009-01-29 12:43:45','2009-02-24 12:40:59',NULL,NULL,NULL,NULL,NULL,3),(1249,1248,1,NULL,'2009-01-29',6,'2009-01-29 12:44:11','2009-02-24 12:40:59',NULL,NULL,NULL,NULL,NULL,3),(1250,1249,1,NULL,'2009-01-29',6,'2009-01-29 12:50:39','2009-02-24 12:40:59',NULL,NULL,NULL,NULL,NULL,3),(1251,1248,1261,NULL,'2009-01-29',6,'2009-01-29 12:54:40','2009-02-24 12:40:59',NULL,NULL,NULL,454,NULL,2),(1252,1261,1,NULL,'2009-01-29',6,'2009-01-29 12:54:55','2009-02-24 12:40:59',NULL,NULL,NULL,NULL,NULL,3),(1253,1261,1,NULL,'2009-01-29',6,'2009-01-29 13:08:36','2009-02-24 12:40:59',NULL,NULL,NULL,NULL,NULL,3),(1254,1248,1249,NULL,'2009-02-07',6,'2009-02-07 13:20:04','2009-02-24 12:40:59',NULL,NULL,NULL,NULL,NULL,2),(1255,1249,1256,NULL,'2009-02-10',6,'2009-02-10 17:25:16','2009-02-24 12:40:59',NULL,NULL,NULL,NULL,NULL,1),(1256,1249,1256,NULL,'2009-02-10',6,'2009-02-10 18:16:32','2009-02-24 12:40:59',NULL,NULL,NULL,NULL,NULL,1),(1257,1249,1256,NULL,'2009-02-11',6,'2009-02-11 12:38:26','2009-02-24 12:40:59',NULL,NULL,NULL,NULL,NULL,1),(1258,1249,1256,NULL,'2009-02-11',6,'2009-02-11 12:45:21','2009-02-24 12:40:59',NULL,NULL,NULL,NULL,'This is a test. Can you hear me?',1),(1259,1261,1256,NULL,'2009-02-16',6,'2009-02-16 21:56:48','2009-02-24 12:40:59',NULL,NULL,NULL,NULL,'',1),(1260,1255,1249,NULL,'2009-02-17',6,'2009-02-17 11:10:16','2009-03-05 23:23:32',NULL,0,NULL,NULL,'',2),(1261,1249,1265,NULL,'2009-02-17',6,'2009-02-17 11:32:58','2009-02-24 12:40:59',NULL,NULL,NULL,NULL,'',1),(1262,1248,1249,NULL,'2009-02-17',6,'2009-02-17 15:07:55','2009-02-24 12:40:59',NULL,NULL,NULL,NULL,'',2),(1263,1248,1249,NULL,'2009-02-17',6,'2009-02-17 15:08:37','2009-02-24 12:40:59',NULL,NULL,NULL,NULL,'',2),(1264,1254,1249,NULL,'2009-02-17',6,'2009-02-17 15:08:55','2009-02-24 12:40:59',NULL,NULL,NULL,NULL,'',2),(1265,1254,1249,NULL,'2009-02-17',6,'2009-02-17 15:11:44','2009-02-24 12:40:59',NULL,NULL,NULL,NULL,'',2),(1266,1254,1249,NULL,'2009-02-17',6,'2009-02-17 15:12:11','2009-02-24 12:40:59',NULL,NULL,NULL,NULL,'',2),(1267,1255,1249,NULL,'2009-02-17',6,'2009-02-17 15:13:17','2009-02-24 12:40:59',NULL,NULL,NULL,NULL,'',2),(1268,1255,1249,NULL,'2009-02-17',6,'2009-02-17 15:15:13','2009-02-24 12:40:59',NULL,NULL,NULL,NULL,'',2),(1269,1249,1256,NULL,'2009-02-17',6,'2009-02-17 16:14:13','2009-02-24 12:40:59',NULL,NULL,NULL,NULL,'',1),(1270,1249,1256,NULL,'2009-02-17',6,'2009-02-17 16:29:12','2009-02-24 12:40:59',NULL,NULL,NULL,NULL,'',1),(1271,1249,1256,NULL,'2009-02-17',6,'2009-02-17 16:31:18','2009-02-24 12:40:59',NULL,NULL,NULL,NULL,'',1),(1272,1249,1256,NULL,'2009-02-17',6,'2009-02-17 16:34:12','2009-02-24 12:40:59',NULL,NULL,NULL,NULL,'',1),(1273,1248,1261,NULL,'2009-02-18',6,'2009-02-18 07:46:13','2009-02-24 12:40:59',NULL,NULL,NULL,NULL,'',2),(1274,1249,1256,NULL,'2009-02-20',6,'2009-02-20 12:52:26','2009-02-24 12:40:59',NULL,NULL,NULL,NULL,'',1),(1275,1249,1256,NULL,'2009-02-23',6,'2009-02-23 16:20:32','2009-02-24 12:40:59',NULL,NULL,NULL,NULL,'',1),(1276,1249,1256,NULL,'2009-02-23',6,'2009-02-23 16:20:54','2009-02-24 12:40:59',NULL,NULL,NULL,NULL,'',1),(1277,1249,1256,NULL,'2009-02-23',6,'2009-02-23 16:22:19','2009-02-24 12:40:59',NULL,NULL,NULL,NULL,'',1),(1278,1249,1256,NULL,'2009-02-24',6,'2009-02-24 10:06:39','2009-02-24 12:40:59',NULL,NULL,NULL,NULL,'',1),(1279,1249,1256,NULL,'2009-02-24',6,'2009-02-24 12:46:30','2009-02-24 12:46:30',NULL,NULL,NULL,NULL,'',1),(1280,1249,1256,NULL,'2009-02-24',6,'2009-02-24 12:51:09','2009-02-24 12:51:09',NULL,NULL,NULL,NULL,'',1),(1281,1249,1256,NULL,'2009-02-24',6,'2009-02-24 12:52:54','2009-02-24 12:52:54',NULL,NULL,NULL,NULL,'',1),(1282,1249,1256,NULL,'2009-02-24',6,'2009-02-24 13:08:27','2009-02-24 13:08:27',NULL,NULL,NULL,NULL,'',1),(1283,1249,1,NULL,'2009-02-24',6,'2009-02-24 13:20:17','2009-02-24 13:20:17',NULL,NULL,NULL,NULL,'',3),(1284,1248,1249,NULL,'2009-02-24',6,'2009-02-24 13:21:26','2009-02-24 13:21:26',NULL,NULL,NULL,NULL,'',2),(1285,1249,1256,NULL,'2009-02-27',6,'2009-02-27 19:49:28','2009-02-27 19:49:28',NULL,NULL,NULL,NULL,'',1),(1286,1255,1249,NULL,'2009-03-05',6,'2009-03-05 20:45:00','2009-03-05 20:45:00',NULL,NULL,NULL,5856,'',2),(1287,1249,1256,NULL,'2009-03-05',6,'2009-03-05 20:59:59','2009-03-05 20:59:59',NULL,NULL,NULL,1234,'',1),(1288,1249,1262,NULL,'2009-03-05',6,'2009-03-05 21:15:30','2009-03-05 21:15:30',NULL,NULL,NULL,NULL,'',1),(1289,1248,1249,NULL,NULL,6,'2009-03-05 23:23:32','2009-03-19 22:30:33',NULL,0,NULL,NULL,NULL,NULL),(1290,1255,1249,NULL,NULL,6,'2009-03-05 23:23:32','2009-03-19 22:30:33',NULL,0,NULL,NULL,NULL,NULL),(1291,1249,1267,NULL,'2009-03-06',6,'2009-03-06 20:01:18','2009-03-06 20:01:18',NULL,NULL,NULL,NULL,'',1),(1292,1249,1268,NULL,'2009-03-10',6,'2009-03-10 12:11:12','2009-03-10 12:11:12',NULL,NULL,NULL,NULL,'',1),(1293,1249,1269,NULL,'2009-03-10',6,'2009-03-10 12:12:44','2009-03-10 12:12:44',NULL,NULL,NULL,NULL,'',1),(1294,1249,1270,NULL,'2009-03-10',6,'2009-03-10 12:15:59','2009-03-10 12:15:59',NULL,NULL,NULL,NULL,'',1),(1295,1249,1213,NULL,'2009-03-10',6,'2009-03-10 12:16:24','2009-03-10 12:16:24',NULL,NULL,NULL,NULL,'',1),(1296,1249,1213,NULL,'2009-03-10',6,'2009-03-10 12:41:22','2009-03-10 12:41:22',NULL,NULL,NULL,NULL,'',1),(1297,1249,1213,NULL,'2009-03-10',6,'2009-03-10 12:41:31','2009-03-10 12:41:31',NULL,NULL,NULL,NULL,'',1),(1298,1249,1249,NULL,'2009-02-10',6,'2009-03-10 15:22:17','2009-03-17 22:11:20',NULL,NULL,NULL,NULL,'',5),(1299,1249,1249,NULL,'2009-03-10',6,'2009-03-10 15:23:03','2009-03-10 15:23:03',NULL,NULL,NULL,NULL,'',5),(1300,1249,1249,NULL,'2009-03-10',6,'2009-03-10 15:27:05','2009-03-10 15:27:05',NULL,NULL,NULL,NULL,'',5),(1301,1249,1249,NULL,'2009-03-10',6,'2009-03-10 15:30:35','2009-03-10 15:30:35',NULL,NULL,NULL,NULL,'',5),(1302,1249,1213,NULL,'2009-03-11',6,'2009-03-11 11:13:00','2009-03-11 11:13:00',NULL,NULL,NULL,NULL,'',1),(1303,1249,1213,NULL,'2009-03-11',6,'2009-03-11 11:25:16','2009-03-11 11:25:16',NULL,NULL,NULL,NULL,'',1),(1304,1249,1213,NULL,'2009-03-11',6,'2009-03-11 11:27:19','2009-03-11 11:27:19',NULL,NULL,NULL,NULL,'',1),(1305,1249,1213,NULL,'2009-03-17',6,'2009-03-17 21:02:35','2009-03-17 21:02:35',NULL,NULL,NULL,NULL,'',1),(1306,1249,1213,NULL,'2009-03-17',6,'2009-03-17 21:05:55','2009-03-17 21:05:55',NULL,NULL,NULL,NULL,'',1),(1307,1249,1213,NULL,'2009-03-17',6,'2009-03-17 21:06:42','2009-03-17 21:06:42',NULL,NULL,NULL,NULL,'',1),(1308,1249,1213,NULL,'2009-03-17',6,'2009-03-17 21:08:00','2009-03-17 21:08:00',NULL,NULL,NULL,NULL,'',1),(1309,1249,1213,NULL,'2009-03-17',6,'2009-03-17 21:08:16','2009-03-17 21:08:16',NULL,NULL,NULL,NULL,'',1),(1310,1249,1213,NULL,'2009-03-17',6,'2009-03-17 21:08:56','2009-03-20 17:01:16',NULL,NULL,NULL,0,'',1),(1311,1248,1261,NULL,'2009-03-18',6,'2009-03-18 09:09:34','2009-03-18 09:09:34',NULL,NULL,NULL,NULL,'',2),(1312,1249,1249,NULL,'2009-03-18',6,'2009-03-18 10:13:13','2009-03-18 10:13:13',NULL,NULL,NULL,NULL,'',5),(1313,1248,1249,NULL,'2009-03-18',6,'2009-03-18 10:45:06','2009-03-18 10:45:06',NULL,NULL,NULL,NULL,'',2),(1314,1249,1213,NULL,'2009-03-18',6,'2009-03-18 10:52:05','2009-03-18 10:52:05',NULL,NULL,NULL,NULL,'',1),(1315,1249,1213,NULL,'2009-03-18',6,'2009-03-18 10:55:33','2009-03-18 10:55:33',NULL,NULL,NULL,NULL,'',1),(1316,1249,1213,NULL,'2009-03-18',6,'2009-03-18 10:56:46','2009-03-18 10:56:46',NULL,NULL,NULL,NULL,'',1),(1317,1249,1213,NULL,'2009-03-19',6,'2009-03-19 22:01:01','2009-03-19 22:01:01',NULL,NULL,NULL,NULL,'',1),(1318,1248,1249,NULL,'2009-03-19',6,'2009-03-19 22:30:33','2009-03-19 23:25:24',NULL,0,NULL,NULL,'',NULL),(1319,1248,1249,NULL,'2009-03-19',6,'2009-03-19 22:50:49','2009-03-19 22:50:49',NULL,NULL,NULL,NULL,'',2),(1320,1248,1249,NULL,'2009-03-19',6,'2009-03-19 23:25:24','2009-03-24 14:03:06',NULL,0,NULL,NULL,'',2),(1321,1249,1213,NULL,'2009-03-19',6,'2009-03-19 23:29:01','2009-03-19 23:29:01',NULL,NULL,NULL,NULL,'',1),(1322,1249,1249,NULL,'2009-03-19',6,'2009-03-20 00:02:26','2009-03-23 18:16:50',NULL,NULL,NULL,NULL,'',5),(1323,1249,1249,NULL,'2009-03-23',6,'2009-03-23 20:44:46','2009-03-23 20:44:46',NULL,NULL,NULL,NULL,'',5),(1324,1249,1249,NULL,'2009-03-23',6,'2009-03-23 20:50:26','2009-03-23 20:50:26',NULL,NULL,NULL,NULL,'',5),(1325,1249,1249,NULL,'2009-03-23',6,'2009-03-23 22:39:05','2009-03-23 22:39:05',NULL,NULL,NULL,NULL,'',5),(1326,1249,1249,NULL,'2009-03-23',6,'2009-03-23 22:47:57','2009-03-23 22:47:57',NULL,NULL,NULL,NULL,'',5),(1327,1249,1249,NULL,'2009-03-23',6,'2009-03-23 22:57:03','2009-03-23 22:57:03',NULL,NULL,NULL,NULL,'',5),(1328,1249,1249,NULL,'2009-03-23',6,'2009-03-23 23:00:52','2009-03-23 23:00:52',NULL,NULL,NULL,NULL,'',5),(1329,1249,1249,NULL,'2009-03-23',6,'2009-03-23 23:19:14','2009-03-23 23:19:14',NULL,NULL,NULL,NULL,'',5),(1330,1249,1249,NULL,'2009-03-23',6,'2009-03-23 23:19:31','2009-03-23 23:19:31',NULL,NULL,NULL,NULL,'',5),(1331,1249,1213,NULL,'2009-03-23',6,'2009-03-23 23:32:44','2009-03-23 23:32:44',NULL,NULL,NULL,NULL,'',1),(1332,1249,1213,NULL,'2009-03-24',6,'2009-03-24 07:55:42','2009-03-24 07:55:42',NULL,NULL,NULL,NULL,'',1),(1333,1248,1249,NULL,NULL,6,'2009-03-24 14:03:07','2009-03-24 14:08:14',NULL,0,NULL,NULL,NULL,2),(1334,1272,1249,NULL,NULL,6,'2009-03-24 14:03:07','2009-03-24 14:08:14',NULL,0,NULL,NULL,NULL,2),(1335,1272,1249,NULL,'2009-03-24',6,'2009-03-24 14:11:18','2009-03-24 16:25:16',NULL,0,NULL,NULL,'',2),(1336,1272,1249,NULL,'2009-03-24',6,'2009-03-24 16:25:16','2009-03-24 16:33:52',NULL,0,NULL,NULL,'',2),(1337,1249,1213,NULL,'2009-03-24',6,'2009-03-24 16:33:03','2009-03-24 16:33:03',NULL,NULL,NULL,135325,'',1),(1338,1272,1249,NULL,NULL,6,'2009-03-24 16:33:52','2009-03-28 12:16:57',NULL,0,NULL,NULL,NULL,2),(1339,1255,1249,NULL,'2009-03-26',6,'2009-03-26 10:34:47','2009-03-26 10:34:47',NULL,NULL,NULL,NULL,'',2),(1340,1255,1249,NULL,'2009-03-26',6,'2009-03-26 10:37:19','2009-03-26 10:37:19',NULL,NULL,NULL,0,'',2),(1341,1249,1249,NULL,'2009-03-26',6,'2009-03-26 10:42:52','2009-03-26 10:42:52',NULL,NULL,NULL,NULL,'',5),(1342,1249,1249,NULL,'2009-03-26',6,'2009-03-26 10:52:39','2009-03-26 10:52:39',NULL,NULL,NULL,NULL,'',5),(1343,1249,1249,NULL,'2009-03-26',6,'2009-03-26 10:53:17','2009-03-26 10:53:17',NULL,NULL,NULL,NULL,'',5),(1344,1255,1249,NULL,NULL,6,'2009-03-28 12:30:11','2009-03-28 12:39:06',NULL,0,NULL,NULL,NULL,2),(1345,1255,1249,NULL,NULL,6,'2009-03-28 12:39:19','2009-03-28 12:41:31',NULL,0,NULL,NULL,NULL,2),(1346,1255,1249,NULL,NULL,6,'2009-03-28 12:41:31','2009-03-28 12:45:39',NULL,0,NULL,NULL,NULL,2),(1347,1255,1249,NULL,'2009-03-28',6,'2009-03-28 12:45:39','2009-03-28 12:46:02',NULL,1,NULL,NULL,'',2),(1348,1249,1,NULL,'2009-03-30',6,'2009-03-30 16:35:03','2009-03-30 16:35:03',NULL,NULL,NULL,NULL,'',3),(1349,1249,1249,NULL,'2009-03-30',6,'2009-03-30 16:49:13','2009-03-30 16:49:13',NULL,NULL,NULL,NULL,'',5),(1350,1249,1249,NULL,'2009-03-30',6,'2009-03-30 16:56:43','2009-03-30 16:56:43',NULL,NULL,NULL,NULL,'',5),(1351,1249,1249,NULL,'2009-03-30',6,'2009-03-30 17:15:58','2009-03-30 17:15:58',NULL,NULL,NULL,NULL,'',5),(1352,1249,1249,NULL,'2009-03-30',6,'2009-03-30 17:20:21','2009-03-30 17:20:21',NULL,NULL,NULL,NULL,'',5),(1353,1249,1249,NULL,'2009-03-30',6,'2009-03-30 17:22:16','2009-03-30 17:22:16',NULL,NULL,NULL,NULL,'',5),(1354,1249,1249,NULL,'2009-03-30',6,'2009-03-30 17:27:07','2009-03-30 17:27:07',NULL,NULL,NULL,NULL,'',5),(1355,1249,1249,NULL,'2009-03-30',6,'2009-03-30 17:31:04','2009-03-30 17:31:04',NULL,NULL,NULL,NULL,'',5),(1356,1249,1249,NULL,'2009-03-30',6,'2009-03-30 17:43:46','2009-03-30 17:43:46',NULL,NULL,NULL,NULL,'',5),(1357,1249,1249,NULL,'2009-03-31',6,'2009-03-31 10:28:34','2009-03-31 10:28:34',NULL,NULL,NULL,NULL,'',5),(1358,1249,1249,NULL,'2009-03-31',6,'2009-03-31 10:30:52','2009-03-31 10:30:52',NULL,NULL,NULL,NULL,'',5),(1359,1249,1249,NULL,'2009-03-31',6,'2009-03-31 10:38:36','2009-03-31 10:38:36',NULL,NULL,NULL,NULL,'',5),(1360,1249,1249,NULL,'2009-03-31',6,'2009-03-31 11:04:43','2009-03-31 11:04:43',NULL,NULL,NULL,NULL,'',5),(1361,1249,1249,NULL,'2009-03-31',6,'2009-03-31 11:08:05','2009-03-31 11:08:05',NULL,NULL,NULL,NULL,'',5),(1362,1249,1249,NULL,'2009-03-31',6,'2009-03-31 11:14:02','2009-03-31 11:14:02',NULL,NULL,NULL,NULL,'',5),(1363,1249,1249,NULL,'2009-03-31',6,'2009-03-31 11:18:22','2009-03-31 11:18:22',NULL,NULL,NULL,NULL,'',5),(1364,1249,1249,NULL,'2009-03-31',6,'2009-03-31 11:18:50','2009-03-31 11:18:50',NULL,NULL,NULL,NULL,'',5),(1365,1249,1249,NULL,'2009-03-31',6,'2009-03-31 11:25:02','2009-03-31 11:25:02',NULL,NULL,NULL,NULL,'',5),(1366,1249,1249,NULL,'2009-03-31',6,'2009-03-31 11:25:32','2009-03-31 11:25:32',NULL,NULL,NULL,NULL,'',5);
/*!40000 ALTER TABLE `orders` ENABLE KEYS */;
UNLOCK TABLES;

--
-- Table structure for table `payment_methods`
--

DROP TABLE IF EXISTS `payment_methods`;
SET @saved_cs_client     = @@character_set_client;
SET character_set_client = utf8;
CREATE TABLE `payment_methods` (
  `id` int(11) NOT NULL auto_increment,
  `name` varchar(255) default NULL,
  `created_at` datetime default NULL,
  `updated_at` datetime default NULL,
  PRIMARY KEY  (`id`)
) ENGINE=InnoDB AUTO_INCREMENT=5 DEFAULT CHARSET=latin1;
SET character_set_client = @saved_cs_client;

--
-- Dumping data for table `payment_methods`
--

LOCK TABLES `payment_methods` WRITE;
/*!40000 ALTER TABLE `payment_methods` DISABLE KEYS */;
INSERT INTO `payment_methods` VALUES (1,'Efectivo','2008-11-06 17:39:09','2008-11-06 17:39:09'),(2,'Cheque','2008-11-06 17:39:09','2008-11-06 17:39:09'),(3,'Tarjeta de Credito','2008-11-06 17:39:09','2008-11-06 17:39:09'),(4,'Credito','2008-11-06 17:39:09','2008-11-06 17:39:09');
/*!40000 ALTER TABLE `payment_methods` ENABLE KEYS */;
UNLOCK TABLES;

--
-- Table structure for table `payments`
--

DROP TABLE IF EXISTS `payments`;
SET @saved_cs_client     = @@character_set_client;
SET character_set_client = utf8;
CREATE TABLE `payments` (
  `id` int(11) NOT NULL auto_increment,
  `order_id` int(11) default NULL,
  `amount` decimal(7,2) default NULL,
  `date` date default NULL,
  `payment_method_id` int(11) default NULL,
  `user_id` int(11) default NULL,
  `created_at` datetime default NULL,
  `updated_at` datetime default NULL,
  `returned` decimal(7,2) default NULL,
  `receipt_id` int(11) default NULL,
  `presented` decimal(7,2) default NULL,
  PRIMARY KEY  (`id`)
) ENGINE=InnoDB AUTO_INCREMENT=20 DEFAULT CHARSET=latin1;
SET character_set_client = @saved_cs_client;

--
-- Dumping data for table `payments`
--

LOCK TABLES `payments` WRITE;
/*!40000 ALTER TABLE `payments` DISABLE KEYS */;
INSERT INTO `payments` VALUES (1,1223,'10.00',NULL,1,6,'2009-01-04 09:26:22','2009-01-04 09:26:22',NULL,13,NULL),(6,1178,'200.00',NULL,1,6,'2009-01-12 00:25:00','2009-01-12 00:25:00',NULL,13,NULL),(7,1178,'100.00',NULL,1,6,'2009-01-12 00:37:41','2009-01-12 00:37:42',NULL,14,NULL),(8,1178,'50.00',NULL,1,6,'2009-01-12 00:38:32','2009-01-12 00:38:32',NULL,15,NULL),(11,1159,'12.00',NULL,1,6,'2009-01-15 20:38:19','2009-01-15 20:38:19',NULL,NULL,NULL),(12,1159,'12.00',NULL,1,6,'2009-01-15 20:38:54','2009-01-15 20:38:54',NULL,NULL,NULL),(13,1159,'12.00',NULL,1,6,'2009-01-15 20:38:55','2009-01-15 20:38:55',NULL,NULL,NULL),(14,1159,NULL,NULL,1,6,'2009-02-01 10:22:15','2009-02-01 10:22:15','2.06',NULL,'7.00'),(15,1159,NULL,NULL,1,6,'2009-02-01 10:23:39','2009-02-01 10:23:39','4.00',NULL,'12.00'),(16,1159,NULL,NULL,1,6,'2009-02-01 10:25:13','2009-02-01 10:25:13','1.00',NULL,'2.00'),(17,1285,NULL,NULL,1,6,'2009-03-04 13:48:25','2009-03-04 13:48:25',NULL,NULL,'60.00'),(18,1304,NULL,NULL,1,6,'2009-03-16 19:33:04','2009-03-16 19:33:04','8.85',NULL,'240.00'),(19,1320,NULL,NULL,1,6,'2009-03-19 23:26:06','2009-03-19 23:26:06',NULL,NULL,'28.75');
/*!40000 ALTER TABLE `payments` ENABLE KEYS */;
UNLOCK TABLES;

--
-- Table structure for table `physical_count_lines`
--

DROP TABLE IF EXISTS `physical_count_lines`;
SET @saved_cs_client     = @@character_set_client;
SET character_set_client = utf8;
CREATE TABLE `physical_count_lines` (
  `id` int(11) NOT NULL auto_increment,
  `product_id` int(11) default NULL,
  `count` int(11) default NULL,
  `physical_count_id` int(11) default NULL,
  PRIMARY KEY  (`id`)
) ENGINE=MyISAM DEFAULT CHARSET=latin1;
SET character_set_client = @saved_cs_client;

--
-- Dumping data for table `physical_count_lines`
--

LOCK TABLES `physical_count_lines` WRITE;
/*!40000 ALTER TABLE `physical_count_lines` DISABLE KEYS */;
/*!40000 ALTER TABLE `physical_count_lines` ENABLE KEYS */;
UNLOCK TABLES;

--
-- Table structure for table `physical_counts`
--

DROP TABLE IF EXISTS `physical_counts`;
SET @saved_cs_client     = @@character_set_client;
SET character_set_client = utf8;
CREATE TABLE `physical_counts` (
  `id` int(11) NOT NULL auto_increment,
  `created_at` datetime default NULL,
  `updated_at` datetime default NULL,
  `entity_id` int(11) default NULL,
  `user_id` int(11) default NULL,
  PRIMARY KEY  (`id`)
) ENGINE=MyISAM DEFAULT CHARSET=latin1;
SET character_set_client = @saved_cs_client;

--
-- Dumping data for table `physical_counts`
--

LOCK TABLES `physical_counts` WRITE;
/*!40000 ALTER TABLE `physical_counts` DISABLE KEYS */;
/*!40000 ALTER TABLE `physical_counts` ENABLE KEYS */;
UNLOCK TABLES;

--
-- Table structure for table `price_group_names`
--

DROP TABLE IF EXISTS `price_group_names`;
SET @saved_cs_client     = @@character_set_client;
SET character_set_client = utf8;
CREATE TABLE `price_group_names` (
  `id` int(11) NOT NULL auto_increment,
  `name` varchar(255) default NULL,
  PRIMARY KEY  (`id`)
) ENGINE=MyISAM AUTO_INCREMENT=3 DEFAULT CHARSET=latin1;
SET character_set_client = @saved_cs_client;

--
-- Dumping data for table `price_group_names`
--

LOCK TABLES `price_group_names` WRITE;
/*!40000 ALTER TABLE `price_group_names` DISABLE KEYS */;
INSERT INTO `price_group_names` VALUES (1,'Standard'),(2,'Wholesale');
/*!40000 ALTER TABLE `price_group_names` ENABLE KEYS */;
UNLOCK TABLES;

--
-- Table structure for table `price_groups`
--

DROP TABLE IF EXISTS `price_groups`;
SET @saved_cs_client     = @@character_set_client;
SET character_set_client = utf8;
CREATE TABLE `price_groups` (
  `id` int(11) NOT NULL auto_increment,
  `price_group_name_id` int(11) default NULL,
  `entity_id` int(11) default NULL,
  PRIMARY KEY  (`id`)
) ENGINE=MyISAM AUTO_INCREMENT=4 DEFAULT CHARSET=latin1;
SET character_set_client = @saved_cs_client;

--
-- Dumping data for table `price_groups`
--

LOCK TABLES `price_groups` WRITE;
/*!40000 ALTER TABLE `price_groups` DISABLE KEYS */;
INSERT INTO `price_groups` VALUES (1,1,1249),(2,1,1258),(3,2,1249);
/*!40000 ALTER TABLE `price_groups` ENABLE KEYS */;
UNLOCK TABLES;

--
-- Table structure for table `prices`
--

DROP TABLE IF EXISTS `prices`;
SET @saved_cs_client     = @@character_set_client;
SET character_set_client = utf8;
CREATE TABLE `prices` (
  `id` int(11) NOT NULL auto_increment,
  `price_group_id` int(11) default NULL,
  `product_id` int(11) default NULL,
  `fixed` decimal(7,2) default NULL,
  `relative` decimal(7,2) default NULL,
  `available` tinyint(1) default NULL,
  `cost` decimal(5,2) default NULL,
  PRIMARY KEY  (`id`)
) ENGINE=MyISAM AUTO_INCREMENT=149 DEFAULT CHARSET=latin1;
SET character_set_client = @saved_cs_client;

--
-- Dumping data for table `prices`
--

LOCK TABLES `prices` WRITE;
/*!40000 ALTER TABLE `prices` DISABLE KEYS */;
INSERT INTO `prices` VALUES (5,1,429,'10.25',NULL,1,'17.07'),(6,2,429,NULL,NULL,NULL,'10.00'),(7,3,429,'8.00',NULL,1,'15.38'),(8,1,430,'0.10',NULL,1,'0.00'),(9,2,430,NULL,NULL,NULL,'0.00'),(10,3,430,NULL,NULL,1,'0.00'),(11,1,431,NULL,NULL,0,'0.00'),(12,2,431,NULL,NULL,NULL,'0.00'),(13,3,431,NULL,NULL,0,'0.00'),(14,1,432,NULL,NULL,1,'1.63'),(15,2,432,NULL,NULL,NULL,'1.63'),(16,3,432,NULL,NULL,1,'0.36'),(17,1,433,NULL,NULL,1,'5.00'),(18,2,433,NULL,NULL,NULL,'5.00'),(19,3,433,NULL,NULL,0,'5.00'),(20,1,434,NULL,NULL,1,'0.00'),(21,2,434,NULL,NULL,NULL,'0.00'),(22,3,434,'5.00',NULL,1,'0.00'),(23,1,435,NULL,NULL,0,'5.00'),(24,2,435,NULL,NULL,NULL,'5.00'),(25,3,435,NULL,NULL,0,'5.00'),(26,1,436,NULL,NULL,0,'5.00'),(27,2,436,NULL,NULL,NULL,'5.00'),(28,3,436,NULL,NULL,0,'5.00'),(29,1,437,NULL,NULL,0,'0.00'),(30,2,437,NULL,NULL,NULL,'0.00'),(31,3,437,NULL,NULL,0,'0.00'),(32,1,438,NULL,NULL,1,NULL),(33,2,438,NULL,NULL,NULL,NULL),(34,3,438,NULL,NULL,0,NULL),(35,1,439,'1.00','2.00',0,NULL),(36,2,439,'1.00','2.00',NULL,NULL),(37,3,439,'1.00','2.00',0,NULL),(38,1,440,'1.00','2.00',0,NULL),(39,2,440,'1.00','2.00',NULL,NULL),(40,3,440,'1.00','2.00',0,NULL),(41,1,441,NULL,NULL,0,NULL),(42,2,441,NULL,NULL,NULL,NULL),(43,3,441,NULL,NULL,0,'0.00'),(44,1,442,'2.00','3.00',0,'20.00'),(45,2,442,'2.00','3.00',NULL,'20.00'),(46,3,442,'3.00','1.00',1,'20.00'),(47,1,443,NULL,NULL,0,NULL),(48,2,443,NULL,NULL,NULL,NULL),(49,3,443,NULL,NULL,0,NULL),(50,1,444,NULL,NULL,0,NULL),(51,2,444,NULL,NULL,NULL,NULL),(52,3,444,NULL,NULL,0,NULL),(53,1,NULL,'0.00','1.00',NULL,NULL),(54,2,NULL,NULL,NULL,NULL,NULL),(55,3,NULL,'0.00','1.00',NULL,NULL),(56,1,445,NULL,NULL,0,NULL),(57,2,445,NULL,NULL,NULL,NULL),(58,3,445,NULL,NULL,0,NULL),(59,1,NULL,NULL,NULL,NULL,NULL),(60,2,NULL,NULL,NULL,NULL,NULL),(61,3,NULL,NULL,NULL,NULL,NULL),(62,1,NULL,NULL,NULL,NULL,NULL),(63,2,NULL,NULL,NULL,NULL,NULL),(64,3,NULL,NULL,NULL,NULL,NULL),(65,1,NULL,NULL,NULL,NULL,NULL),(66,2,NULL,NULL,NULL,NULL,NULL),(67,3,NULL,NULL,NULL,NULL,NULL),(68,1,NULL,NULL,NULL,NULL,NULL),(69,2,NULL,NULL,NULL,NULL,NULL),(70,3,NULL,NULL,NULL,NULL,NULL),(71,1,NULL,NULL,NULL,NULL,NULL),(72,2,NULL,NULL,NULL,NULL,NULL),(73,3,NULL,NULL,NULL,NULL,NULL),(74,1,447,NULL,NULL,0,NULL),(75,2,447,NULL,NULL,NULL,NULL),(76,3,447,NULL,'1.00',0,NULL),(77,1,NULL,NULL,NULL,NULL,NULL),(78,2,NULL,NULL,NULL,NULL,NULL),(79,3,NULL,NULL,NULL,NULL,NULL),(80,1,NULL,NULL,NULL,NULL,NULL),(81,2,NULL,NULL,NULL,NULL,NULL),(82,3,NULL,NULL,NULL,NULL,NULL),(83,1,449,NULL,NULL,0,NULL),(84,2,449,NULL,NULL,NULL,NULL),(85,3,449,NULL,'1.00',1,NULL),(86,1,450,NULL,NULL,0,'0.00'),(87,2,450,NULL,NULL,NULL,'0.00'),(88,3,450,NULL,NULL,1,'0.00'),(89,1,451,'0.00','1.00',1,'0.00'),(90,2,451,'0.00','1.00',NULL,'0.00'),(91,3,451,'3.00','1.00',1,'0.00'),(92,1,NULL,'0.00','1.00',NULL,NULL),(93,2,NULL,'0.00','1.00',NULL,NULL),(94,3,NULL,'0.00','1.00',NULL,NULL),(95,1,452,'0.00','1.00',1,NULL),(96,2,452,'0.00','1.00',NULL,NULL),(97,3,452,'0.00','1.00',0,NULL),(98,1,453,'0.00','1.00',1,NULL),(99,2,453,'0.00','1.00',NULL,NULL),(100,3,453,'0.00','1.00',0,NULL),(101,1,454,'0.00','1.00',0,NULL),(102,2,454,'0.00','1.00',NULL,NULL),(103,3,454,'0.00','1.00',1,'0.00'),(104,1,455,'5.00',NULL,0,'5.00'),(105,2,455,'5.00',NULL,NULL,'5.00'),(106,3,455,'10.00',NULL,1,'5.00'),(107,1,456,'5.00',NULL,NULL,'5.00'),(108,2,456,'5.00',NULL,NULL,'5.00'),(109,3,456,'10.00',NULL,1,'5.00'),(110,1,457,'0.00','1.00',NULL,NULL),(111,2,457,'0.00','1.00',NULL,NULL),(112,3,457,'0.00','1.00',1,NULL),(113,1,458,'0.00','1.00',NULL,'0.00'),(114,2,458,'0.00','1.00',NULL,'0.00'),(115,3,458,'0.00','1.00',1,'0.00'),(116,1,459,'0.00','1.00',1,NULL),(117,2,459,'0.00','1.00',0,NULL),(118,3,459,'0.00','1.00',0,NULL),(119,1,460,'0.00','1.00',0,NULL),(120,2,460,'0.00','1.00',0,NULL),(121,3,460,'0.00','1.00',1,NULL),(122,1,461,'0.00','1.00',0,NULL),(123,2,461,'0.00','1.00',0,NULL),(124,3,461,'0.00','1.00',1,NULL),(125,1,462,'0.00','1.30',1,'1.00'),(126,2,462,'0.00','1.00',0,NULL),(127,3,462,'0.00','1.15',1,'0.50'),(128,1,463,'0.00','1.00',1,'0.00'),(129,2,463,'0.00','1.00',0,NULL),(130,3,463,'0.00','1.00',1,NULL),(131,1,464,'0.00','1.00',1,NULL),(132,2,464,'0.00','1.00',0,NULL),(133,3,464,'0.00','1.00',1,'0.00'),(134,1,NULL,'0.00','1.00',1,NULL),(135,2,NULL,'0.00','1.00',0,NULL),(136,3,NULL,'0.00','1.00',1,NULL),(137,1,465,'0.00','1.00',1,NULL),(138,2,465,'0.00','1.00',0,NULL),(139,3,465,'0.00','1.00',1,'0.00'),(140,1,466,'0.00','1.00',1,NULL),(141,2,466,'0.00','1.00',0,NULL),(142,3,466,'0.00','1.00',1,'0.00'),(143,1,467,'0.00','1.00',1,NULL),(144,2,467,'0.00','1.00',0,NULL),(145,3,467,'0.00','1.15',1,'13.03'),(146,1,468,'0.00','1.00',1,NULL),(147,2,468,'0.00','1.00',0,NULL),(148,3,468,'0.00','1.15',1,'10.00');
/*!40000 ALTER TABLE `prices` ENABLE KEYS */;
UNLOCK TABLES;

--
-- Table structure for table `privileges`
--

DROP TABLE IF EXISTS `privileges`;
SET @saved_cs_client     = @@character_set_client;
SET character_set_client = utf8;
CREATE TABLE `privileges` (
  `id` int(11) NOT NULL auto_increment,
  `name` varchar(255) default NULL,
  `created_at` datetime default NULL,
  `updated_at` datetime default NULL,
  PRIMARY KEY  (`id`)
) ENGINE=InnoDB DEFAULT CHARSET=latin1;
SET character_set_client = @saved_cs_client;

--
-- Dumping data for table `privileges`
--

LOCK TABLES `privileges` WRITE;
/*!40000 ALTER TABLE `privileges` DISABLE KEYS */;
/*!40000 ALTER TABLE `privileges` ENABLE KEYS */;
UNLOCK TABLES;

--
-- Table structure for table `product_categories`
--

DROP TABLE IF EXISTS `product_categories`;
SET @saved_cs_client     = @@character_set_client;
SET character_set_client = utf8;
CREATE TABLE `product_categories` (
  `id` int(11) NOT NULL auto_increment,
  `name` varchar(255) default '',
  PRIMARY KEY  (`id`)
) ENGINE=MyISAM AUTO_INCREMENT=8 DEFAULT CHARSET=latin1;
SET character_set_client = @saved_cs_client;

--
-- Dumping data for table `product_categories`
--

LOCK TABLES `product_categories` WRITE;
/*!40000 ALTER TABLE `product_categories` DISABLE KEYS */;
INSERT INTO `product_categories` VALUES (6,'Animals'),(7,'Fruit');
/*!40000 ALTER TABLE `product_categories` ENABLE KEYS */;
UNLOCK TABLES;

--
-- Table structure for table `product_types`
--

DROP TABLE IF EXISTS `product_types`;
SET @saved_cs_client     = @@character_set_client;
SET character_set_client = utf8;
CREATE TABLE `product_types` (
  `id` int(11) NOT NULL auto_increment,
  `name` varchar(255) default NULL,
  `created_at` datetime default NULL,
  `updated_at` datetime default NULL,
  PRIMARY KEY  (`id`)
) ENGINE=InnoDB AUTO_INCREMENT=5 DEFAULT CHARSET=latin1;
SET character_set_client = @saved_cs_client;

--
-- Dumping data for table `product_types`
--

LOCK TABLES `product_types` WRITE;
/*!40000 ALTER TABLE `product_types` DISABLE KEYS */;
INSERT INTO `product_types` VALUES (1,'Simple','2008-11-27 20:39:40','2008-11-27 20:39:40'),(2,'Discount',NULL,NULL),(3,'Combo',NULL,NULL),(4,'Service',NULL,NULL);
/*!40000 ALTER TABLE `product_types` ENABLE KEYS */;
UNLOCK TABLES;

--
-- Table structure for table `products`
--

DROP TABLE IF EXISTS `products`;
SET @saved_cs_client     = @@character_set_client;
SET character_set_client = utf8;
CREATE TABLE `products` (
  `id` int(11) NOT NULL auto_increment,
  `name` varchar(255) default NULL,
  `description` text,
  `vendor_id` int(11) default NULL,
  `oldcost` decimal(5,2) default NULL,
  `upc` varchar(255) default NULL,
  `unit_id` int(11) default NULL,
  `location` varchar(255) default NULL,
  `created_at` datetime default NULL,
  `updated_at` datetime default NULL,
  `model` varchar(255) default NULL,
  `serialized` tinyint(1) default NULL,
  `serialized_product_id` int(11) default NULL,
  `product_type_id` int(11) default NULL,
  `product_category_id` int(11) default NULL,
  `blocked_by_count` int(1) default '0',
  PRIMARY KEY  (`id`)
) ENGINE=InnoDB AUTO_INCREMENT=469 DEFAULT CHARSET=latin1;
SET character_set_client = @saved_cs_client;

--
-- Dumping data for table `products`
--

LOCK TABLES `products` WRITE;
/*!40000 ALTER TABLE `products` DISABLE KEYS */;
INSERT INTO `products` VALUES (429,'Cat','',1248,'10.00','123',7,'','2008-12-25 19:57:16','2009-02-24 10:09:40',NULL,0,NULL,1,6,0),(430,'Minutos de Uso del Internet','',NULL,'0.00','546',8,'','2008-12-26 20:20:22','2009-01-22 13:47:46',NULL,0,NULL,4,NULL,0),(431,'zoom','',1248,'0.00','555',7,'','2009-01-02 12:39:14','2009-01-20 20:08:17',NULL,0,NULL,1,NULL,0),(432,'Dog','\r\n',1248,'1.63','222',7,'','2009-01-02 12:39:48','2009-01-20 20:08:17',NULL,1,NULL,1,NULL,0),(433,'Latop','',1254,'5.00','131414562636545',7,'','2009-01-04 09:33:45','2009-01-20 20:08:17','inspiron 1420',0,NULL,1,NULL,0),(434,'Bird','',1248,'0.00','111',7,'gfhgfhgfh','2009-01-04 18:44:47','2009-03-16 20:03:57','parakeeter',1,NULL,1,NULL,0),(435,'Titebond','',1255,'5.00','037083050639',7,'','2009-01-04 21:52:13','2009-01-20 20:08:17','5063',0,NULL,1,NULL,0),(436,'trap','',1255,'5.00','55555',7,'A45B03','2009-01-04 21:53:38','2009-02-17 15:50:43','asd',1,NULL,1,NULL,0),(437,'camisa blanca','Grande',1248,'0.00','12345666',7,'','2009-01-06 17:47:12','2009-01-31 22:39:10','',0,NULL,1,NULL,0),(438,'Fix Computer','',NULL,NULL,'414',8,NULL,'2009-01-24 19:40:21','2009-01-24 19:40:21',NULL,NULL,NULL,1,NULL,0),(439,'Test','',1248,NULL,'72646545',7,'','2009-02-07 12:48:40','2009-02-07 12:48:40','1',0,NULL,1,NULL,0),(440,'test2','',1248,NULL,'1846265362353',7,'','2009-02-07 12:53:27','2009-02-07 12:53:27','',0,NULL,1,NULL,0),(441,'Junk','',1248,NULL,'18346263',7,'','2009-02-07 13:05:47','2009-02-07 13:05:47','',0,NULL,1,NULL,0),(442,'More Junk','dog',1248,'20.00','27835615367',7,'','2009-02-07 13:06:23','2009-02-11 16:13:55','',0,NULL,1,NULL,0),(443,'Two birds for one','',NULL,NULL,'374',7,'','2009-02-09 12:06:18','2009-02-09 12:06:18','',0,NULL,1,NULL,0),(444,'testing','',NULL,NULL,'836465124',7,NULL,'2009-02-09 20:21:11','2009-02-09 20:21:11',NULL,NULL,NULL,4,NULL,0),(445,'test23','',NULL,NULL,'',7,'','2009-02-09 20:21:38','2009-02-09 20:21:38','',0,NULL,1,NULL,0),(447,'Trooper','',NULL,NULL,'27361635',1,NULL,'2009-02-09 20:45:29','2009-02-11 12:34:40',NULL,NULL,NULL,2,NULL,0),(448,'Super deal','',NULL,NULL,'17356461645253',1,NULL,'2009-02-10 16:11:28','2009-02-11 12:35:19',NULL,NULL,NULL,2,NULL,0),(449,'Special',NULL,NULL,NULL,'99998',1,NULL,'2009-02-10 18:12:33','2009-02-20 12:49:42',NULL,NULL,NULL,2,NULL,0),(450,'Internet','',NULL,'0.00','internet',8,NULL,'2009-02-11 12:37:08','2009-02-11 12:38:39',NULL,NULL,NULL,4,NULL,0),(451,'Pentium Processor','',1255,'0.00','715435253',1,'','2009-02-16 17:29:27','2009-02-17 11:32:58','',0,NULL,1,NULL,0),(452,'Case','',1255,NULL,'732654625454',1,'','2009-02-16 17:31:29','2009-02-16 17:31:29','',0,NULL,1,NULL,0),(453,'Computadora Pentium','',2,NULL,'624534153',1,'','2009-02-16 17:34:08','2009-02-17 08:21:39','',0,NULL,3,NULL,0),(454,'two cats',NULL,NULL,NULL,'272351535',1,NULL,'2009-02-16 17:37:04','2009-02-23 16:23:07',NULL,NULL,NULL,2,NULL,0),(455,'Screen','',1255,'5.00','726536139346474',1,'','2009-02-17 11:03:07','2009-02-19 20:11:18','',0,NULL,1,NULL,0),(456,'Keyboard','',1255,'5.00','61946374626',1,'','2009-02-17 11:04:34','2009-02-19 20:10:52','',0,NULL,1,NULL,0),(457,'Dell Laptop',NULL,2,NULL,'273646515',1,NULL,'2009-02-17 11:08:04','2009-02-17 11:08:04',NULL,NULL,NULL,3,NULL,0),(458,'Dell Desktop',NULL,2,'0.00','2387461946',1,NULL,'2009-02-17 11:25:32','2009-02-17 11:32:58',NULL,NULL,NULL,3,NULL,0),(459,'Lizard','',1248,NULL,'72643616498',1,'','2009-02-18 15:53:48','2009-02-18 15:53:48','',NULL,NULL,1,NULL,0),(460,'Memory','',1255,NULL,'18146164',1,'','2009-02-19 20:11:55','2009-02-19 20:11:55','',NULL,NULL,1,NULL,0),(461,'Mouse','',1255,NULL,'127464948',1,'','2009-02-19 20:15:28','2009-02-19 20:15:28','',NULL,NULL,1,NULL,0),(462,'Ranchitas Jalapeno fogoso','',1248,NULL,'750894606399',9,'','2009-03-05 20:42:21','2009-03-05 20:52:47','',NULL,NULL,1,NULL,0),(463,'maiz','',1248,NULL,'maiz',10,'','2009-03-05 21:14:57','2009-03-05 21:14:57','',NULL,NULL,1,NULL,0),(464,'Bananas','',1272,NULL,'000111',1,'','2009-03-24 13:05:40','2009-03-24 13:05:40','71GG2',0,NULL,1,7,0),(465,'Apple','',1272,NULL,'0010101',1,'','2009-03-24 13:11:53','2009-03-24 17:16:41','aDDa',0,NULL,1,7,0),(466,'Pear','',1272,NULL,'011001100',1,'','2009-03-24 14:08:02','2009-03-24 17:17:10','',0,NULL,1,7,0),(467,'Glade','asd',1255,NULL,'046500509742',1,'','2009-03-26 10:34:00','2009-03-26 10:34:00','glade',0,NULL,1,NULL,0),(468,'mp3','ads',1255,NULL,'777',1,'','2009-03-26 10:36:13','2009-03-26 10:36:13','777',1,NULL,1,NULL,0);
/*!40000 ALTER TABLE `products` ENABLE KEYS */;
UNLOCK TABLES;

--
-- Table structure for table `receipts`
--

DROP TABLE IF EXISTS `receipts`;
SET @saved_cs_client     = @@character_set_client;
SET character_set_client = utf8;
CREATE TABLE `receipts` (
  `id` int(11) NOT NULL auto_increment,
  `order_id` int(11) default NULL,
  `created_at` datetime default NULL,
  `updated_at` datetime default NULL,
  PRIMARY KEY  (`id`)
) ENGINE=MyISAM AUTO_INCREMENT=16 DEFAULT CHARSET=latin1;
SET character_set_client = @saved_cs_client;

--
-- Dumping data for table `receipts`
--

LOCK TABLES `receipts` WRITE;
/*!40000 ALTER TABLE `receipts` DISABLE KEYS */;
INSERT INTO `receipts` VALUES (15,1178,'2009-01-12 00:38:32','2009-01-12 00:38:32'),(14,1178,'2009-01-12 00:37:42','2009-01-12 00:37:42'),(13,1178,'2009-01-12 00:26:44','2009-01-12 00:26:49');
/*!40000 ALTER TABLE `receipts` ENABLE KEYS */;
UNLOCK TABLES;

--
-- Table structure for table `requirements`
--

DROP TABLE IF EXISTS `requirements`;
SET @saved_cs_client     = @@character_set_client;
SET character_set_client = utf8;
CREATE TABLE `requirements` (
  `id` int(11) NOT NULL auto_increment,
  `product_id` int(11) default NULL,
  `required_id` int(11) default NULL,
  `quantity` int(11) default NULL,
  `static_price` decimal(5,2) default NULL,
  `relative_price` decimal(5,2) default NULL,
  PRIMARY KEY  (`id`)
) ENGINE=MyISAM AUTO_INCREMENT=64 DEFAULT CHARSET=latin1;
SET character_set_client = @saved_cs_client;

--
-- Dumping data for table `requirements`
--

LOCK TABLES `requirements` WRITE;
/*!40000 ALTER TABLE `requirements` DISABLE KEYS */;
INSERT INTO `requirements` VALUES (50,447,434,1,'1.00','0.25'),(63,449,429,1,NULL,NULL),(52,448,434,2,NULL,'0.50'),(48,447,429,1,'0.00','0.00'),(57,454,429,2,'2.00',NULL),(56,453,451,1,'4.00',NULL),(55,453,452,1,'5.00',NULL),(54,449,434,2,NULL,'1.00'),(49,447,429,1,'0.00','0.00'),(51,447,434,1,'0.00','0.00'),(47,447,429,1,'0.00','0.00'),(58,457,456,1,NULL,'0.90'),(59,457,455,1,NULL,'0.90'),(60,458,455,1,NULL,'0.90'),(61,458,456,1,NULL,'0.90'),(62,458,451,1,NULL,'0.90');
/*!40000 ALTER TABLE `requirements` ENABLE KEYS */;
UNLOCK TABLES;

--
-- Table structure for table `roles`
--

DROP TABLE IF EXISTS `roles`;
SET @saved_cs_client     = @@character_set_client;
SET character_set_client = utf8;
CREATE TABLE `roles` (
  `id` int(11) NOT NULL auto_increment,
  `title` varchar(255) default NULL,
  `user_id` int(11) default NULL,
  `created_at` datetime default NULL,
  `updated_at` datetime default NULL,
  PRIMARY KEY  (`id`)
) ENGINE=InnoDB AUTO_INCREMENT=5 DEFAULT CHARSET=latin1;
SET character_set_client = @saved_cs_client;

--
-- Dumping data for table `roles`
--

LOCK TABLES `roles` WRITE;
/*!40000 ALTER TABLE `roles` DISABLE KEYS */;
INSERT INTO `roles` VALUES (1,'ventas',NULL,NULL,NULL),(2,'admin',NULL,NULL,NULL),(3,'compras',NULL,NULL,NULL),(4,'inventario',NULL,NULL,NULL);
/*!40000 ALTER TABLE `roles` ENABLE KEYS */;
UNLOCK TABLES;

--
-- Table structure for table `roles_users`
--

DROP TABLE IF EXISTS `roles_users`;
SET @saved_cs_client     = @@character_set_client;
SET character_set_client = utf8;
CREATE TABLE `roles_users` (
  `id` int(11) NOT NULL auto_increment,
  `user_id` int(11) default NULL,
  `role_id` int(11) default NULL,
  `created_at` datetime default NULL,
  `updated_at` datetime default NULL,
  PRIMARY KEY  (`id`)
) ENGINE=InnoDB AUTO_INCREMENT=21 DEFAULT CHARSET=latin1;
SET character_set_client = @saved_cs_client;

--
-- Dumping data for table `roles_users`
--

LOCK TABLES `roles_users` WRITE;
/*!40000 ALTER TABLE `roles_users` DISABLE KEYS */;
INSERT INTO `roles_users` VALUES (1,3,1,NULL,NULL),(4,NULL,4,NULL,NULL),(14,NULL,2,NULL,NULL),(15,9,1,NULL,NULL),(16,6,2,NULL,NULL),(17,6,3,'2009-03-16 17:41:59','2009-03-16 17:41:59'),(18,NULL,4,'2009-03-16 17:42:13','2009-03-16 17:42:13'),(19,NULL,1,'2009-03-16 17:42:13','2009-03-16 17:42:13'),(20,6,4,'2009-03-16 17:42:34','2009-03-16 17:42:34');
/*!40000 ALTER TABLE `roles_users` ENABLE KEYS */;
UNLOCK TABLES;

--
-- Table structure for table `schema_info`
--

DROP TABLE IF EXISTS `schema_info`;
SET @saved_cs_client     = @@character_set_client;
SET character_set_client = utf8;
CREATE TABLE `schema_info` (
  `version` int(11) default NULL
) ENGINE=MyISAM DEFAULT CHARSET=latin1;
SET character_set_client = @saved_cs_client;

--
-- Dumping data for table `schema_info`
--

LOCK TABLES `schema_info` WRITE;
/*!40000 ALTER TABLE `schema_info` DISABLE KEYS */;
INSERT INTO `schema_info` VALUES (38);
/*!40000 ALTER TABLE `schema_info` ENABLE KEYS */;
UNLOCK TABLES;

--
-- Table structure for table `schema_migrations`
--

DROP TABLE IF EXISTS `schema_migrations`;
SET @saved_cs_client     = @@character_set_client;
SET character_set_client = utf8;
CREATE TABLE `schema_migrations` (
  `version` varchar(255) NOT NULL,
  UNIQUE KEY `unique_schema_migrations` (`version`)
) ENGINE=InnoDB DEFAULT CHARSET=latin1;
SET character_set_client = @saved_cs_client;

--
-- Dumping data for table `schema_migrations`
--

LOCK TABLES `schema_migrations` WRITE;
/*!40000 ALTER TABLE `schema_migrations` DISABLE KEYS */;
INSERT INTO `schema_migrations` VALUES ('1'),('10'),('11'),('12'),('13'),('14'),('15'),('16'),('17'),('18'),('2'),('20'),('20081209145242'),('20081209161439'),('21'),('22'),('23'),('24'),('25'),('26'),('27'),('28'),('29'),('3'),('30'),('31'),('32'),('33'),('34'),('35'),('36'),('37'),('38'),('5'),('6'),('7'),('8'),('9');
/*!40000 ALTER TABLE `schema_migrations` ENABLE KEYS */;
UNLOCK TABLES;

--
-- Table structure for table `serial_numbers`
--

DROP TABLE IF EXISTS `serial_numbers`;
SET @saved_cs_client     = @@character_set_client;
SET character_set_client = utf8;
CREATE TABLE `serial_numbers` (
  `id` varchar(255) NOT NULL,
  `created_at` datetime default NULL,
  `updated_at` datetime default NULL,
  `product_id` int(11) default NULL,
  PRIMARY KEY  (`id`)
) ENGINE=MyISAM DEFAULT CHARSET=latin1;
SET character_set_client = @saved_cs_client;

--
-- Dumping data for table `serial_numbers`
--

LOCK TABLES `serial_numbers` WRITE;
/*!40000 ALTER TABLE `serial_numbers` DISABLE KEYS */;
INSERT INTO `serial_numbers` VALUES ('','2009-02-27 14:14:30','2009-02-27 14:14:30',432);
/*!40000 ALTER TABLE `serial_numbers` ENABLE KEYS */;
UNLOCK TABLES;

--
-- Table structure for table `serialized_products`
--

DROP TABLE IF EXISTS `serialized_products`;
SET @saved_cs_client     = @@character_set_client;
SET character_set_client = utf8;
CREATE TABLE `serialized_products` (
  `id` int(11) NOT NULL auto_increment,
  `created_at` datetime default NULL,
  `updated_at` datetime default NULL,
  `serial_number` varchar(255) default NULL,
  `product_id` int(11) default NULL,
  PRIMARY KEY  (`id`)
) ENGINE=InnoDB AUTO_INCREMENT=70 DEFAULT CHARSET=latin1;
SET character_set_client = @saved_cs_client;

--
-- Dumping data for table `serialized_products`
--

LOCK TABLES `serialized_products` WRITE;
/*!40000 ALTER TABLE `serialized_products` DISABLE KEYS */;
INSERT INTO `serialized_products` VALUES (1,'2009-01-02 21:05:39','2009-01-02 21:05:39','1',432),(2,'2009-01-02 21:05:39','2009-01-02 21:05:39','2',432),(3,'2009-01-02 21:05:39','2009-01-02 21:05:39','3',432),(4,'2009-01-02 21:09:56','2009-01-02 21:09:56','4',432),(5,'2009-01-02 21:16:13','2009-01-02 21:16:13','5',432),(6,'2009-01-02 21:17:54','2009-01-03 21:54:22','6',432),(7,'2009-01-02 21:20:52','2009-01-02 21:20:52','7',432),(8,'2009-01-03 20:08:33','2009-01-03 20:08:33','123566',432),(9,'2009-01-03 20:21:00','2009-01-03 20:21:00','876888',432),(10,'2009-01-03 20:27:16','2009-01-03 20:27:16','9595959',432),(11,'2009-01-03 21:05:45','2009-01-03 21:05:45','14444',432),(12,'2009-01-03 21:17:05','2009-01-03 21:17:05','958874734',432),(13,'2009-01-03 21:22:11','2009-01-03 21:25:44','99999',432),(14,'2009-01-03 21:42:50','2009-01-03 21:42:50','41414',432),(15,'2009-01-03 21:49:57','2009-01-03 21:49:57','15151515',432),(16,'2009-01-03 21:51:16','2009-01-03 21:51:57','515151111',432),(17,'2009-01-03 21:54:35','2009-01-03 21:54:35','666',432),(18,'2009-01-03 21:58:09','2009-01-03 21:58:09','77',432),(19,'2009-01-03 21:59:29','2009-01-03 21:59:29','0',432),(20,'2009-01-03 22:18:42','2009-01-03 22:18:42','1414414141',432),(21,'2009-01-03 22:22:28','2009-01-03 22:22:28','13133333',432),(22,'2009-01-03 22:26:25','2009-01-03 22:26:45','1313133',432),(23,'2009-01-03 22:29:08','2009-01-03 22:29:19','2626',432),(24,'2009-01-03 22:30:40','2009-01-03 22:30:40','51555',432),(25,'2009-01-03 22:31:20','2009-01-03 22:31:20','1315666',432),(26,'2009-01-03 22:32:50','2009-01-03 22:32:50','131333',432),(27,'2009-01-03 22:33:35','2009-01-03 22:33:46','45678',432),(28,'2009-01-03 22:35:25','2009-01-03 22:35:25','561614',432),(29,'2009-01-03 22:38:01','2009-01-03 22:47:07','13145455',432),(30,'2009-01-03 22:47:24','2009-01-03 22:47:24','1415144',432),(31,'2009-01-03 22:49:16','2009-01-03 22:49:16','18236',432),(32,'2009-01-03 22:54:17','2009-01-03 23:14:42','2147483647',432),(33,'2009-01-03 22:56:04','2009-01-03 22:56:04','1234876243',432),(34,'2009-01-03 22:59:50','2009-01-03 22:59:50','123498273',432),(35,'2009-01-03 23:02:47','2009-01-03 23:02:47','912832764',432),(36,'2009-01-03 23:12:05','2009-01-03 23:12:05','2147483647',432),(37,'2009-01-03 23:12:45','2009-01-03 23:12:45','2147483647',432),(38,'2009-01-03 23:13:06','2009-01-03 23:13:06','2147483647',432),(39,'2009-01-03 23:14:37','2009-01-03 23:14:37','2147483647',432),(40,'2009-01-04 08:31:17','2009-01-04 08:31:18','2147483647',432),(41,'2009-01-04 08:35:02','2009-01-04 08:35:02','327346374',432),(42,'2009-01-04 08:57:01','2009-01-04 08:57:01','88765432',432),(43,'2009-01-04 12:39:23','2009-01-04 12:39:23','2147483647',432),(44,'2009-01-04 12:45:53','2009-01-04 12:45:53','2147483647',432),(45,'2009-01-04 18:45:29','2009-01-04 18:45:29','111',434),(46,'2009-01-04 18:48:52','2009-01-04 18:48:52','222',434),(47,'2009-01-04 18:49:13','2009-01-04 18:49:13','333',434),(48,'2009-01-04 18:49:13','2009-01-04 18:49:13','444',434),(49,'2009-01-04 21:54:07','2009-01-04 21:54:07','54545',436),(50,'2009-01-04 21:54:07','2009-01-04 21:54:07','43434',436),(51,'2009-01-04 21:54:07','2009-01-04 21:54:07','32323',436),(52,'2009-01-04 22:04:33','2009-01-04 22:04:33','11111',436),(53,'2009-01-04 22:04:33','2009-01-04 22:04:33','22222',436),(54,'2009-01-04 22:04:33','2009-01-04 22:04:33','33333',436),(55,'2009-03-18 09:09:34','2009-03-18 09:09:34','555',434),(56,'2009-03-18 10:45:06','2009-03-18 10:45:06','777',434),(57,'2009-03-18 12:34:06','2009-03-18 12:34:06','bird2',434),(58,'2009-03-19 22:52:27','2009-03-19 22:52:27','212',434),(59,'2009-03-19 23:25:47','2009-03-19 23:25:47','313',434),(60,'2009-03-19 23:25:47','2009-03-19 23:25:47','414',434),(61,'2009-03-19 23:25:47','2009-03-19 23:25:47','515',434),(62,'2009-03-19 23:25:47','2009-03-19 23:25:47','616',434),(63,'2009-03-19 23:25:47','2009-03-19 23:25:47','717',434),(64,'2009-03-20 00:02:26','2009-03-20 00:02:26','919',434),(65,'2009-03-23 17:36:40','2009-03-23 17:36:40','818',434),(66,'2009-03-23 22:39:05','2009-03-23 22:39:05','birasd',434),(67,'2009-03-26 10:37:19','2009-03-26 10:37:19','71353623',468),(68,'2009-03-26 10:37:19','2009-03-26 10:37:19','128734649837',468),(69,'2009-03-26 10:37:19','2009-03-26 10:37:19','1u736t27362736',468);
/*!40000 ALTER TABLE `serialized_products` ENABLE KEYS */;
UNLOCK TABLES;

--
-- Table structure for table `states`
--

DROP TABLE IF EXISTS `states`;
SET @saved_cs_client     = @@character_set_client;
SET character_set_client = utf8;
CREATE TABLE `states` (
  `id` int(11) NOT NULL auto_increment,
  `name` varchar(255) default NULL,
  PRIMARY KEY  (`id`)
) ENGINE=MyISAM AUTO_INCREMENT=13 DEFAULT CHARSET=latin1;
SET character_set_client = @saved_cs_client;

--
-- Dumping data for table `states`
--

LOCK TABLES `states` WRITE;
/*!40000 ALTER TABLE `states` DISABLE KEYS */;
INSERT INTO `states` VALUES (1,'Santa Ana'),(12,'Santa Ana');
/*!40000 ALTER TABLE `states` ENABLE KEYS */;
UNLOCK TABLES;

--
-- Table structure for table `units`
--

DROP TABLE IF EXISTS `units`;
SET @saved_cs_client     = @@character_set_client;
SET character_set_client = utf8;
CREATE TABLE `units` (
  `id` int(11) NOT NULL auto_increment,
  `name` varchar(255) default NULL,
  `created_at` datetime default NULL,
  `updated_at` datetime default NULL,
  PRIMARY KEY  (`id`)
) ENGINE=InnoDB AUTO_INCREMENT=11 DEFAULT CHARSET=latin1;
SET character_set_client = @saved_cs_client;

--
-- Dumping data for table `units`
--

LOCK TABLES `units` WRITE;
/*!40000 ALTER TABLE `units` DISABLE KEYS */;
INSERT INTO `units` VALUES (1,'Cada Uno',NULL,NULL),(7,'cada uno','2008-12-25 19:57:16','2008-12-25 19:57:16'),(8,'Hora','2008-12-26 20:20:22','2008-12-26 20:20:22'),(9,'bolsa','2009-03-05 20:42:21','2009-03-05 20:42:21'),(10,'libra','2009-03-05 21:14:57','2009-03-05 21:14:57');
/*!40000 ALTER TABLE `units` ENABLE KEYS */;
UNLOCK TABLES;

--
-- Table structure for table `user_privileges`
--

DROP TABLE IF EXISTS `user_privileges`;
SET @saved_cs_client     = @@character_set_client;
SET character_set_client = utf8;
CREATE TABLE `user_privileges` (
  `id` int(11) NOT NULL auto_increment,
  `user_id` int(11) default NULL,
  `privilege_id` int(11) default NULL,
  `created_at` datetime default NULL,
  `updated_at` datetime default NULL,
  PRIMARY KEY  (`id`)
) ENGINE=InnoDB AUTO_INCREMENT=6 DEFAULT CHARSET=latin1;
SET character_set_client = @saved_cs_client;

--
-- Dumping data for table `user_privileges`
--

LOCK TABLES `user_privileges` WRITE;
/*!40000 ALTER TABLE `user_privileges` DISABLE KEYS */;
INSERT INTO `user_privileges` VALUES (1,1,1,NULL,NULL),(2,6,1,NULL,NULL),(3,6,3,NULL,NULL),(4,6,2,NULL,NULL),(5,6,4,NULL,NULL);
/*!40000 ALTER TABLE `user_privileges` ENABLE KEYS */;
UNLOCK TABLES;

--
-- Table structure for table `users`
--

DROP TABLE IF EXISTS `users`;
SET @saved_cs_client     = @@character_set_client;
SET character_set_client = utf8;
CREATE TABLE `users` (
  `id` int(11) NOT NULL auto_increment,
  `login` varchar(255) default NULL,
  `email` varchar(255) default NULL,
  `crypted_password` varchar(40) default NULL,
  `salt` varchar(40) default NULL,
  `created_at` datetime default NULL,
  `updated_at` datetime default NULL,
  `remember_token` varchar(255) default NULL,
  `remember_token_expires_at` datetime default NULL,
  `location_id` int(11) default NULL,
  `role_id` int(11) default NULL,
  `default_received` tinyint(1) default NULL,
  `price_group_name_id` int(11) default NULL,
  PRIMARY KEY  (`id`)
) ENGINE=InnoDB AUTO_INCREMENT=10 DEFAULT CHARSET=latin1;
SET character_set_client = @saved_cs_client;

--
-- Dumping data for table `users`
--

LOCK TABLES `users` WRITE;
/*!40000 ALTER TABLE `users` DISABLE KEYS */;
INSERT INTO `users` VALUES (1,'Esta Gislason',NULL,NULL,NULL,'2008-11-27 10:06:00','2008-11-27 10:06:00',NULL,NULL,3,NULL,1,NULL),(2,'Mr. Emilie Douglas',NULL,NULL,NULL,'2008-11-27 10:06:00','2008-11-27 10:06:00',NULL,NULL,2,NULL,1,NULL),(3,'Maybelle Wuckert',NULL,NULL,NULL,'2008-11-27 10:06:00','2008-11-27 10:06:00',NULL,NULL,3,NULL,1,NULL),(4,'Rozella Fahey',NULL,NULL,NULL,'2008-11-27 10:06:00','2008-11-27 10:06:00',NULL,NULL,4,NULL,1,NULL),(5,'Mrs. Danielle Satterfield',NULL,NULL,NULL,'2008-11-27 10:06:00','2008-11-27 10:06:00',NULL,NULL,1,NULL,1,NULL),(6,'jmartin','jmartina@ad.null','9f803226990e8cd39890d87eb2e61ee9c5359b92','b41e5fb0c70973c725b3d47dd8bfb99780da3a0b','2008-11-27 20:48:57','2009-03-23 20:43:59',NULL,NULL,1249,NULL,1,2),(7,'usuario','jmartin@asd.ad','7189947870b9c6de68641d214c669552894a9c2e','50473b60299ed8e86660b89055be0e99e445b17d','2008-12-14 20:50:04','2008-12-14 20:50:53',NULL,NULL,4,NULL,NULL,NULL),(8,'bobby','bobby@home.here','36b16c8bdc6df0b248048437962520d7156aa631','3ed712388b27937ee69541c78874f6b0c8005154','2009-02-23 17:55:48','2009-02-23 17:55:48',NULL,NULL,1249,NULL,NULL,NULL),(9,'pam','pam@fg.fgd','6f6413f62162dab0bcdf2ff9846f6bbd7fd366ca','2a98dd018e61d27e729d1eea7d732be5b0fc19ce','2009-03-04 12:22:11','2009-03-04 12:22:11',NULL,NULL,1249,NULL,0,NULL);
/*!40000 ALTER TABLE `users` ENABLE KEYS */;
UNLOCK TABLES;

--
-- Table structure for table `warranties`
--

DROP TABLE IF EXISTS `warranties`;
SET @saved_cs_client     = @@character_set_client;
SET character_set_client = utf8;
CREATE TABLE `warranties` (
  `id` int(11) NOT NULL auto_increment,
  `product_id` int(11) default NULL,
  `price` decimal(7,2) default NULL,
  `month_id` int(11) default NULL,
  `order_type_id` int(11) default NULL,
  `months` int(11) default NULL,
  PRIMARY KEY  (`id`)
) ENGINE=MyISAM AUTO_INCREMENT=67 DEFAULT CHARSET=latin1;
SET character_set_client = @saved_cs_client;

--
-- Dumping data for table `warranties`
--

LOCK TABLES `warranties` WRITE;
/*!40000 ALTER TABLE `warranties` DISABLE KEYS */;
INSERT INTO `warranties` VALUES (15,429,'0.00',1,NULL,0),(16,430,'0.00',1,NULL,0),(17,431,'0.00',1,NULL,0),(18,432,'0.00',1,NULL,0),(19,432,'15.00',3,NULL,12),(21,432,'10.00',2,NULL,6),(22,429,'6.00',2,NULL,6),(23,429,'12.00',3,NULL,12),(24,431,'6.00',2,NULL,6),(25,433,'0.00',1,NULL,0),(26,434,'0.00',1,NULL,0),(27,435,'0.00',1,NULL,0),(28,436,'0.00',1,NULL,0),(29,NULL,'0.00',1,NULL,0),(30,NULL,'0.00',1,NULL,0),(31,NULL,'0.00',1,NULL,0),(32,NULL,'0.00',1,NULL,0),(33,NULL,'0.00',1,NULL,0),(34,437,'0.00',1,NULL,0),(35,438,'0.00',1,NULL,0),(36,439,'0.00',1,NULL,0),(37,440,'0.00',1,NULL,0),(38,441,'0.00',1,NULL,0),(39,442,'0.00',1,NULL,0),(40,443,'0.00',1,NULL,0),(41,444,'0.00',1,NULL,0),(42,NULL,'0.00',1,NULL,0),(43,445,'0.00',1,NULL,0),(44,NULL,'0.00',1,NULL,0),(45,NULL,'0.00',1,NULL,0),(46,NULL,'0.00',1,NULL,0),(47,NULL,'0.00',1,NULL,0),(48,NULL,'0.00',1,NULL,0),(49,450,'0.00',1,NULL,0),(50,451,'0.00',1,NULL,0),(51,NULL,'0.00',1,NULL,0),(52,452,'0.00',1,NULL,0),(53,455,'0.00',1,NULL,0),(54,456,'0.00',1,NULL,0),(55,458,'0.00',1,NULL,0),(56,459,'0.00',1,NULL,0),(57,460,'0.00',1,NULL,0),(58,461,'0.00',1,NULL,0),(59,462,'0.00',1,NULL,0),(60,463,'0.00',1,NULL,0),(61,464,'0.00',1,NULL,0),(62,NULL,'0.00',1,NULL,0),(63,465,'0.00',1,NULL,0),(64,466,'0.00',1,NULL,0),(65,467,'0.00',1,NULL,0),(66,468,'0.00',1,NULL,0);
/*!40000 ALTER TABLE `warranties` ENABLE KEYS */;
UNLOCK TABLES;

--
-- Table structure for table `warranty_months`
--

DROP TABLE IF EXISTS `warranty_months`;
SET @saved_cs_client     = @@character_set_client;
SET character_set_client = utf8;
CREATE TABLE `warranty_months` (
  `id` int(11) NOT NULL auto_increment,
  `months` int(11) default NULL,
  PRIMARY KEY  (`id`)
) ENGINE=MyISAM AUTO_INCREMENT=4 DEFAULT CHARSET=latin1;
SET character_set_client = @saved_cs_client;

--
-- Dumping data for table `warranty_months`
--

LOCK TABLES `warranty_months` WRITE;
/*!40000 ALTER TABLE `warranty_months` DISABLE KEYS */;
INSERT INTO `warranty_months` VALUES (1,0),(2,6),(3,12);
/*!40000 ALTER TABLE `warranty_months` ENABLE KEYS */;
UNLOCK TABLES;
/*!40103 SET TIME_ZONE=@OLD_TIME_ZONE */;

/*!40101 SET SQL_MODE=@OLD_SQL_MODE */;
/*!40014 SET FOREIGN_KEY_CHECKS=@OLD_FOREIGN_KEY_CHECKS */;
/*!40014 SET UNIQUE_CHECKS=@OLD_UNIQUE_CHECKS */;
/*!40101 SET CHARACTER_SET_CLIENT=@OLD_CHARACTER_SET_CLIENT */;
/*!40101 SET CHARACTER_SET_RESULTS=@OLD_CHARACTER_SET_RESULTS */;
/*!40101 SET COLLATION_CONNECTION=@OLD_COLLATION_CONNECTION */;
/*!40111 SET SQL_NOTES=@OLD_SQL_NOTES */;

-- Dump completed on 2009-04-01 14:33:42
