-- MySQL dump 10.11
--
-- Host: localhost    Database: Jade
-- ------------------------------------------------------
-- Server version	5.0.67-0ubuntu6

/*!40101 SET @OLD_CHARACTER_SET_CLIENT=@@CHARACTER_SET_CLIENT */;
/*!40101 SET @OLD_CHARACTER_SET_RESULTS=@@CHARACTER_SET_RESULTS */;
/*!40101 SET @OLD_COLLATION_CONNECTION=@@COLLATION_CONNECTION */;
/*!40101 SET NAMES utf8 */;
/*!40103 SET @OLD_TIME_ZONE=@@TIME_ZONE */;
/*!40103 SET TIME_ZONE='+00:00' */;
/*!40014 SET @OLD_UNIQUE_CHECKS=@@UNIQUE_CHECKS, UNIQUE_CHECKS=0 */;
/*!40014 SET @OLD_FOREIGN_KEY_CHECKS=@@FOREIGN_KEY_CHECKS, FOREIGN_KEY_CHECKS=0 */;
/*!40101 SET @OLD_SQL_MODE=@@SQL_MODE, SQL_MODE='NO_AUTO_VALUE_ON_ZERO' */;
/*!40111 SET @OLD_SQL_NOTES=@@SQL_NOTES, SQL_NOTES=0 */;

--
-- Table structure for table `combo_line_types`
--

DROP TABLE IF EXISTS `combo_line_types`;
SET @saved_cs_client     = @@character_set_client;
SET character_set_client = utf8;
CREATE TABLE `combo_line_types` (
  `id` int(11) default NULL,
  `name` varchar(255) default NULL
) ENGINE=MyISAM DEFAULT CHARSET=latin1;
SET character_set_client = @saved_cs_client;

--
-- Dumping data for table `combo_line_types`
--

LOCK TABLES `combo_line_types` WRITE;
/*!40000 ALTER TABLE `combo_line_types` DISABLE KEYS */;
/*!40000 ALTER TABLE `combo_line_types` ENABLE KEYS */;
UNLOCK TABLES;

--
-- Table structure for table `combo_lines`
--

DROP TABLE IF EXISTS `combo_lines`;
SET @saved_cs_client     = @@character_set_client;
SET character_set_client = utf8;
CREATE TABLE `combo_lines` (
  `id` int(11) NOT NULL auto_increment,
  `product_id` int(11) default NULL,
  `combo_id` int(11) default NULL,
  `quantity` int(11) default NULL,
  `serialized_product_id` int(11) default NULL,
  `created_at` datetime default NULL,
  `updated_at` datetime default NULL,
  `combo_line_type_id` int(11) default NULL,
  PRIMARY KEY  (`id`)
) ENGINE=InnoDB DEFAULT CHARSET=latin1;
SET character_set_client = @saved_cs_client;

--
-- Dumping data for table `combo_lines`
--

LOCK TABLES `combo_lines` WRITE;
/*!40000 ALTER TABLE `combo_lines` DISABLE KEYS */;
/*!40000 ALTER TABLE `combo_lines` ENABLE KEYS */;
UNLOCK TABLES;

--
-- Table structure for table `entities`
--

DROP TABLE IF EXISTS `entities`;
SET @saved_cs_client     = @@character_set_client;
SET character_set_client = utf8;
CREATE TABLE `entities` (
  `id` int(11) NOT NULL auto_increment,
  `name` varchar(255) default NULL,
  `entity_type_id` int(11) default NULL,
  `created_at` datetime default NULL,
  `updated_at` datetime default NULL,
  `home_phone` char(8) default '',
  `office_phone` char(8) default '',
  `address` text,
  `birth` datetime default NULL,
  `state_id` int(11) default NULL,
  `cell_phone` char(8) default NULL,
  `nit` char(14) default NULL,
  `city` varchar(255) default NULL,
  `email` varchar(255) default NULL,
  `register` varchar(255) default NULL,
  `giro` varchar(255) default NULL,
  `price_group_id` int(11) default NULL,
  `price_group_name_id` int(11) default NULL,
  PRIMARY KEY  (`id`)
) ENGINE=InnoDB AUTO_INCREMENT=59 DEFAULT CHARSET=latin1;
SET character_set_client = @saved_cs_client;

--
-- Dumping data for table `entities`
--

LOCK TABLES `entities` WRITE;
/*!40000 ALTER TABLE `entities` DISABLE KEYS */;
INSERT INTO `entities` VALUES (48,'Animal Shelter',1,'2008-12-25 19:38:20','2008-12-25 19:38:20','1234','',NULL,'2009-01-04 21:27:47',1,NULL,NULL,NULL,NULL,NULL,NULL,1,1),(49,'Home',3,'2008-12-25 19:43:00','2008-12-25 19:43:00','','',NULL,'2009-01-04 21:27:47',1,NULL,NULL,NULL,NULL,NULL,NULL,1,1),(53,'Jared Martin',2,'2009-01-02 19:35:44','2009-01-04 21:16:35','24080080','75757743','Calle a Pampe, Parcelacion San Carlos, Casa # 26\r\nChalcuapa, Santa Ana, El Salvador','2009-01-04 21:27:47',1,NULL,NULL,NULL,NULL,NULL,NULL,1,1),(54,'asd',1,'2009-01-03 21:17:53','2009-01-03 21:17:53','','',NULL,'2009-01-04 21:27:47',1,NULL,NULL,NULL,NULL,NULL,NULL,1,1),(55,'Franklin International',1,'2009-01-04 21:34:00','2009-01-04 21:51:41','','','2020 Bruck Street, Columbus, Ohio 43207','2009-01-16 00:00:00',1,NULL,NULL,NULL,NULL,NULL,NULL,1,1),(56,'Fred',5,'2009-01-11 11:52:23','2009-01-11 11:52:23','24080080','24888876','123 Nowhere road','2009-01-11 00:00:00',1,'75757743','94502302801014','Chalchuapa','jaredtmartin@gmail.com','','hello',1,2),(58,'Santa Ana',3,'2009-01-23 20:29:08','2009-01-23 20:29:08','','','','2009-01-23 00:00:00',1,'','','','','','',NULL,1);
/*!40000 ALTER TABLE `entities` ENABLE KEYS */;
UNLOCK TABLES;

--
-- Table structure for table `entity_types`
--

DROP TABLE IF EXISTS `entity_types`;
SET @saved_cs_client     = @@character_set_client;
SET character_set_client = utf8;
CREATE TABLE `entity_types` (
  `id` int(11) NOT NULL auto_increment,
  `name` varchar(255) default NULL,
  `created_at` datetime default NULL,
  `updated_at` datetime default NULL,
  PRIMARY KEY  (`id`)
) ENGINE=InnoDB AUTO_INCREMENT=6 DEFAULT CHARSET=latin1;
SET character_set_client = @saved_cs_client;

--
-- Dumping data for table `entity_types`
--

LOCK TABLES `entity_types` WRITE;
/*!40000 ALTER TABLE `entity_types` DISABLE KEYS */;
INSERT INTO `entity_types` VALUES (1,'Proveedor','2008-11-06 17:39:09','2008-12-09 16:46:41'),(2,'Consumidor Final','2008-11-06 17:39:09','2008-11-06 17:39:09'),(3,'Sitio','2008-11-06 17:39:09','2008-11-06 17:39:09'),(5,'Credito Fiscal','2008-12-15 14:10:03','2008-12-15 14:10:11');
/*!40000 ALTER TABLE `entity_types` ENABLE KEYS */;
UNLOCK TABLES;

--
-- Table structure for table `inventories`
--

DROP TABLE IF EXISTS `inventories`;
SET @saved_cs_client     = @@character_set_client;
SET character_set_client = utf8;
CREATE TABLE `inventories` (
  `product_id` int(11) default NULL,
  `entity_id` int(11) default NULL,
  `min` int(11) default NULL,
  `max` int(11) default NULL,
  `to_order` int(11) default NULL,
  `id` int(11) NOT NULL auto_increment,
  `created_at` date default NULL,
  `updated_at` date default NULL,
  `quantity` int(11) default NULL,
  PRIMARY KEY  (`id`)
) ENGINE=MyISAM AUTO_INCREMENT=1727 DEFAULT CHARSET=latin1;
SET character_set_client = @saved_cs_client;

--
-- Dumping data for table `inventories`
--

LOCK TABLES `inventories` WRITE;
/*!40000 ALTER TABLE `inventories` DISABLE KEYS */;
INSERT INTO `inventories` VALUES (429,49,NULL,NULL,NULL,1713,'2009-01-02','2009-01-12',9),(430,49,NULL,NULL,NULL,1714,'2009-01-02','2009-01-22',-1),(431,49,NULL,NULL,NULL,1715,'2009-01-02','2009-01-02',0),(432,49,NULL,NULL,NULL,1716,'2009-01-02','2009-01-04',35),(433,49,1,5,0,1717,'2009-01-04','2009-01-04',3),(434,49,2,4,0,1718,'2009-01-04','2009-01-04',5),(435,49,2,4,0,1719,'2009-01-04','2009-01-04',5),(436,49,7,8,0,1720,'2009-01-04','2009-01-06',3),(NULL,49,0,0,0,1721,'2009-01-04','2009-01-04',0),(NULL,49,0,0,0,1722,'2009-01-04','2009-01-04',0),(NULL,49,0,0,0,1723,'2009-01-04','2009-01-04',0),(NULL,49,0,0,0,1724,'2009-01-04','2009-01-04',0),(NULL,49,0,0,0,1725,'2009-01-04','2009-01-04',0),(437,49,NULL,NULL,0,1726,'2009-01-06','2009-01-20',13);
/*!40000 ALTER TABLE `inventories` ENABLE KEYS */;
UNLOCK TABLES;

--
-- Table structure for table `lines`
--

DROP TABLE IF EXISTS `lines`;
SET @saved_cs_client     = @@character_set_client;
SET character_set_client = utf8;
CREATE TABLE `lines` (
  `id` int(11) NOT NULL auto_increment,
  `product_id` int(11) default NULL,
  `order_id` int(11) default NULL,
  `quantity` int(11) default NULL,
  `price` decimal(7,2) default NULL,
  `received` datetime default NULL,
  `created_at` datetime default NULL,
  `updated_at` datetime default NULL,
  `serialized_product_id` int(11) default NULL,
  `line_id` int(11) default NULL,
  `warranty_price` decimal(7,2) default NULL,
  `warranty_id` int(11) default NULL,
  `tax` decimal(7,2) default NULL,
  PRIMARY KEY  (`id`)
) ENGINE=InnoDB AUTO_INCREMENT=765 DEFAULT CHARSET=latin1;
SET character_set_client = @saved_cs_client;

--
-- Dumping data for table `lines`
--

LOCK TABLES `lines` WRITE;
/*!40000 ALTER TABLE `lines` DISABLE KEYS */;
INSERT INTO `lines` VALUES (657,429,1159,1,'10.00','2008-12-25 19:57:42','2008-12-25 19:57:42','2009-01-04 22:23:10',NULL,NULL,NULL,NULL,'1.50'),(658,429,1160,1,'20.00','2008-12-25 20:16:23','2008-12-25 20:16:23','2009-01-04 22:23:10',NULL,NULL,NULL,NULL,'3.00'),(659,429,1161,1,'15.00','2008-12-25 20:20:10','2008-12-25 20:20:10','2009-01-04 22:23:10',NULL,NULL,NULL,NULL,'2.25'),(660,429,1162,1,'15.00','2008-12-25 20:20:51','2008-12-25 20:20:51','2009-01-04 22:23:10',NULL,NULL,NULL,NULL,'2.25'),(667,429,1175,1,'18.75','2009-01-02 19:58:11','2009-01-02 19:58:11','2009-01-11 17:36:52',NULL,NULL,NULL,NULL,'2.81'),(668,429,1176,1,'18.75','2009-01-02 20:06:00','2009-01-02 20:06:00','2009-01-11 17:36:52',NULL,NULL,NULL,NULL,'2.81'),(669,429,1177,1,'18.75','2009-01-02 20:07:29','2009-01-02 20:07:29','2009-01-11 17:36:52',NULL,NULL,NULL,NULL,'2.81'),(670,429,1178,1,'18.75','2009-01-02 20:09:42','2009-01-02 20:09:42','2009-01-12 00:37:42',NULL,NULL,'0.00',15,'2.81'),(671,429,1179,1,'18.75','2009-01-02 20:38:47','2009-01-02 20:27:35','2009-01-11 17:36:52',NULL,NULL,NULL,NULL,'2.81'),(672,429,1180,3,'18.75','2009-01-02 20:49:59','2009-01-02 20:49:29','2009-01-11 17:36:52',NULL,NULL,NULL,NULL,'8.44'),(673,429,1180,1,'0.00','2009-01-02 20:52:38','2009-01-02 20:52:38','2009-01-04 22:23:10',NULL,NULL,NULL,NULL,'0.00'),(674,429,1162,1,'18.75','2009-01-02 20:55:29','2009-01-02 20:55:29','2009-01-11 17:36:52',NULL,NULL,NULL,NULL,'2.81'),(675,429,1162,1,'18.75','2009-01-02 20:55:55','2009-01-02 20:55:55','2009-01-11 17:36:52',NULL,NULL,NULL,NULL,'2.81'),(676,432,1181,1,'1.00','2009-01-02 21:05:39','2009-01-02 21:05:39','2009-01-04 22:23:10',1,NULL,'0.00',NULL,'0.15'),(677,432,1181,1,'1.00','2009-01-02 21:05:39','2009-01-02 21:05:39','2009-01-04 22:23:10',2,NULL,'0.00',NULL,'0.15'),(678,432,1181,1,'1.00','2009-01-02 21:05:39','2009-01-02 21:05:39','2009-01-04 22:23:10',3,NULL,'0.00',NULL,'0.15'),(679,432,1182,1,'0.00','2009-01-02 21:09:56','2009-01-02 21:09:56','2009-01-04 22:23:10',4,NULL,'0.00',NULL,'0.00'),(680,432,1183,1,'0.00','2009-01-02 21:16:13','2009-01-02 21:16:13','2009-01-04 22:23:10',5,NULL,'0.00',NULL,'0.00'),(681,432,1186,1,'0.00','2009-01-03 21:54:35','2009-01-02 21:20:22','2009-01-04 22:23:10',17,NULL,'0.00',NULL,'0.00'),(682,432,1187,1,'0.00','2009-01-02 21:20:52','2009-01-02 21:20:52','2009-01-04 22:23:10',7,NULL,'0.00',NULL,'0.00'),(683,429,1188,1,'19.69','2009-01-03 20:08:33','2009-01-03 20:08:33','2009-01-11 17:36:52',NULL,NULL,NULL,NULL,'2.95'),(684,432,1188,1,'0.00',NULL,'2009-01-03 20:08:33','2009-01-04 22:23:10',8,NULL,'0.00',NULL,'0.00'),(685,432,1189,1,'0.00','2009-01-03 20:21:00','2009-01-03 20:21:00','2009-01-04 22:23:10',9,NULL,'0.00',NULL,'0.00'),(686,432,1190,1,'0.00','2009-01-03 21:05:45','2009-01-03 20:27:16','2009-01-04 22:23:10',11,NULL,'0.00',NULL,'0.00'),(687,432,1190,1,'0.00','2009-01-03 21:17:05','2009-01-03 21:16:52','2009-01-04 22:23:10',12,NULL,'0.00',NULL,'0.00'),(688,432,1191,1,'0.00','2009-01-03 21:22:11','2009-01-03 21:22:11','2009-01-04 22:23:10',13,NULL,'0.00',NULL,'0.00'),(689,432,1192,1,'0.00','2009-01-03 21:42:50','2009-01-03 21:42:50','2009-01-04 22:23:10',14,NULL,'0.00',NULL,'0.00'),(690,432,1193,1,'0.00','2009-01-03 21:49:57','2009-01-03 21:49:57','2009-01-04 22:23:10',15,NULL,NULL,NULL,'0.00'),(691,432,1194,1,'0.00','2009-01-03 21:51:16','2009-01-03 21:51:16','2009-01-04 22:23:10',16,NULL,'0.00',NULL,'0.00'),(692,429,1185,1,'16.41','2009-01-03 21:58:09','2009-01-03 21:58:09','2009-01-11 17:36:52',NULL,NULL,NULL,NULL,'2.46'),(693,432,1185,1,'0.00',NULL,'2009-01-03 21:58:09','2009-01-04 22:23:10',18,NULL,NULL,NULL,'0.00'),(694,432,1195,1,'0.00','2009-01-03 21:59:30','2009-01-03 21:59:30','2009-01-04 22:23:10',19,NULL,NULL,NULL,'0.00'),(695,432,1196,1,'0.00','2009-01-03 22:18:42','2009-01-03 22:18:42','2009-01-04 22:23:10',20,NULL,'0.00',NULL,'0.00'),(696,432,1197,1,'0.00','2009-01-03 22:22:28','2009-01-03 22:22:28','2009-01-04 22:23:10',21,NULL,'0.00',NULL,'0.00'),(697,432,1198,1,'0.00','2009-01-03 22:26:25','2009-01-03 22:26:25','2009-01-04 22:23:10',22,NULL,'0.00',NULL,'0.00'),(698,432,1199,1,'0.00','2009-01-03 22:29:08','2009-01-03 22:29:08','2009-01-04 22:23:10',23,NULL,'0.00',NULL,'0.00'),(699,432,1200,1,'0.00','2009-01-03 22:30:40','2009-01-03 22:30:40','2009-01-04 22:23:10',24,NULL,'0.00',NULL,'0.00'),(700,432,1201,1,'0.00',NULL,'2009-01-03 22:31:02','2009-01-04 22:23:10',NULL,NULL,'0.00',NULL,'0.00'),(701,432,1202,1,'0.00','2009-01-03 22:31:20','2009-01-03 22:31:20','2009-01-04 22:23:10',25,NULL,'0.00',NULL,'0.00'),(702,432,1203,1,'0.00','2009-01-03 22:32:50','2009-01-03 22:32:50','2009-01-04 22:23:10',26,NULL,'0.00',NULL,'0.00'),(703,432,1204,1,'0.00','2009-01-03 22:33:35','2009-01-03 22:33:35','2009-01-04 22:23:10',27,NULL,'0.00',NULL,'0.00'),(704,432,1205,1,'0.00','2009-01-03 22:35:25','2009-01-03 22:35:25','2009-01-04 22:23:10',28,NULL,'0.00',NULL,'0.00'),(705,432,1206,1,'0.00','2009-01-03 22:38:01','2009-01-03 22:38:01','2009-01-04 22:23:10',29,NULL,'0.00',NULL,'0.00'),(706,432,1207,1,'0.00','2009-01-03 22:47:24','2009-01-03 22:47:24','2009-01-04 22:23:10',30,NULL,'0.00',NULL,'0.00'),(707,432,1208,1,'0.00','2009-01-03 22:49:16','2009-01-03 22:49:16','2009-01-04 22:23:10',31,NULL,'0.00',NULL,'0.00'),(708,432,1210,1,'0.00','2009-01-03 22:54:17','2009-01-03 22:54:17','2009-01-04 22:23:10',32,NULL,'0.00',NULL,'0.00'),(709,432,1211,1,'0.00','2009-01-03 22:56:04','2009-01-03 22:56:04','2009-01-04 22:23:10',33,NULL,'0.00',NULL,'0.00'),(710,432,1212,1,'0.00','2009-01-03 22:59:50','2009-01-03 22:59:50','2009-01-04 22:23:10',34,NULL,'0.00',NULL,'0.00'),(711,432,1213,1,'0.00','2009-01-03 23:02:47','2009-01-03 23:02:47','2009-01-04 22:23:10',35,NULL,'0.00',NULL,'0.00'),(712,432,1217,1,'0.00','2009-01-03 23:13:06','2009-01-03 23:13:06','2009-01-04 22:23:10',38,NULL,'0.00',NULL,'0.00'),(713,432,1218,1,'0.00','2009-01-03 23:14:43','2009-01-03 23:14:37','2009-01-04 22:23:10',32,NULL,'0.00',NULL,'0.00'),(714,432,1221,1,'0.00','2009-01-04 08:31:18','2009-01-04 08:31:18','2009-01-04 22:23:11',40,NULL,'0.00',NULL,'0.00'),(715,432,1222,1,'4.00','2009-01-04 08:57:01','2009-01-04 08:35:02','2009-01-04 22:23:11',42,NULL,'0.00',NULL,'0.60'),(716,432,1223,1,'20.00','2009-01-04 09:00:49','2009-01-04 09:00:49','2009-01-11 22:08:43',42,NULL,'10.00',NULL,'4.50'),(717,429,1222,1,'664.06','2009-01-04 09:07:39','2009-01-04 09:07:39','2009-01-11 17:36:52',NULL,NULL,'0.00',NULL,'99.61'),(718,429,1222,1,'12.30','2009-01-04 09:07:48','2009-01-04 09:07:48','2009-01-11 17:36:52',NULL,NULL,'0.00',NULL,'1.85'),(719,429,1222,1,'10.94','2009-01-04 09:08:41','2009-01-04 09:08:41','2009-01-11 17:36:52',NULL,NULL,'0.00',NULL,'1.64'),(720,429,1222,1,'7.00','2009-01-04 09:16:37','2009-01-04 09:16:37','2009-01-04 22:23:11',NULL,NULL,'0.00',NULL,'1.05'),(721,433,1224,3,'0.00','2009-01-04 09:36:50','2009-01-04 09:36:50','2009-01-04 22:23:11',NULL,NULL,NULL,NULL,'0.00'),(722,429,1225,1,'19.71',NULL,'2009-01-04 09:42:39','2009-01-11 17:36:52',NULL,NULL,'0.00',NULL,'2.96'),(723,432,1225,1,'77.00',NULL,'2009-01-04 09:49:59','2009-01-11 17:36:52',NULL,NULL,'15.00',NULL,'13.80'),(726,429,1225,1,'82.11','2009-01-04 11:02:57','2009-01-04 11:02:57','2009-01-11 17:36:52',NULL,NULL,NULL,NULL,'12.32'),(727,432,1226,1,'0.00','2009-01-04 11:07:06','2009-01-04 11:07:06','2009-01-11 17:36:52',32,NULL,'10.00',21,'1.50'),(728,429,1216,1,'77.34',NULL,'2009-01-04 11:45:05','2009-01-11 17:36:52',NULL,NULL,'0.00',NULL,'11.60'),(729,432,1228,1,'0.00','2009-01-04 12:39:23','2009-01-04 12:39:23','2009-01-04 22:23:11',43,NULL,'0.00',NULL,'0.00'),(730,432,1230,1,'0.00','2009-01-04 12:45:53','2009-01-04 12:45:54','2009-01-04 22:23:11',44,NULL,'0.00',NULL,'0.00'),(731,434,1231,1,'0.00','2009-01-04 18:45:29','2009-01-04 18:45:29','2009-01-04 22:23:11',45,NULL,'0.00',NULL,'0.00'),(732,434,1231,1,'0.00','2009-01-04 18:48:52','2009-01-04 18:48:52','2009-01-04 22:23:11',46,NULL,'0.00',NULL,'0.00'),(733,434,1231,1,'0.00','2009-01-04 18:49:13','2009-01-04 18:49:13','2009-01-04 22:23:11',47,NULL,'0.00',NULL,'0.00'),(734,434,1231,1,'0.00','2009-01-04 18:49:13','2009-01-04 18:49:13','2009-01-04 22:23:11',48,NULL,'0.00',NULL,'0.00'),(735,434,1231,1,'0.00','2009-01-04 18:50:12','2009-01-04 18:50:12','2009-01-04 22:23:11',45,NULL,'0.00',NULL,'0.00'),(736,435,1232,5,'3.00','2009-01-04 21:52:57','2009-01-04 21:52:57','2009-01-04 22:23:11',NULL,NULL,'0.00',27,'2.25'),(737,436,1232,1,'0.00','2009-01-04 22:04:33','2009-01-04 21:54:07','2009-01-04 22:23:11',52,NULL,'0.00',28,'0.00'),(738,436,1232,1,'0.00','2009-01-04 22:04:33','2009-01-04 21:54:07','2009-01-04 22:23:11',53,NULL,'0.00',28,'0.00'),(739,436,1232,1,'0.00','2009-01-04 22:04:33','2009-01-04 21:54:07','2009-01-04 22:23:11',54,NULL,'0.00',28,'0.00'),(740,436,1233,1,'0.00','2009-01-06 15:24:32','2009-01-06 15:23:29','2009-01-06 15:24:32',46,NULL,'0.00',28,'0.00'),(741,436,1233,1,'0.00',NULL,'2009-01-06 15:23:29','2009-01-06 15:24:32',NULL,NULL,'0.00',28,'0.00'),(742,436,1233,1,'0.00',NULL,'2009-01-06 15:23:29','2009-01-06 15:24:32',NULL,NULL,'0.00',28,'0.00'),(743,436,1233,1,'0.00',NULL,'2009-01-06 15:23:29','2009-01-06 15:24:32',NULL,NULL,'0.00',28,'0.00'),(744,436,1233,1,'0.00',NULL,'2009-01-06 15:23:29','2009-01-06 15:24:32',NULL,NULL,'0.00',28,'0.00'),(745,436,1233,1,'0.00',NULL,'2009-01-06 15:23:29','2009-01-06 15:24:32',NULL,NULL,'0.00',28,'0.00'),(746,436,1233,1,'0.00',NULL,'2009-01-06 15:23:29','2009-01-06 15:24:32',NULL,NULL,'0.00',28,'0.00'),(747,436,1233,1,'0.00',NULL,'2009-01-06 15:23:29','2009-01-06 15:24:32',NULL,NULL,'0.00',28,'0.00'),(748,436,1234,1,'0.00','2009-01-06 15:26:26','2009-01-06 15:26:27','2009-01-06 15:26:27',46,NULL,'0.00',28,'0.00'),(749,436,1235,1,'0.00',NULL,'2009-01-06 17:49:05','2009-01-06 17:49:05',NULL,NULL,NULL,NULL,'0.00'),(750,436,1235,1,'0.00',NULL,'2009-01-06 17:49:05','2009-01-06 17:49:05',NULL,NULL,NULL,NULL,'0.00'),(751,436,1235,1,'0.00',NULL,'2009-01-06 17:49:05','2009-01-06 17:49:05',NULL,NULL,NULL,NULL,'0.00'),(752,436,1235,1,'0.00',NULL,'2009-01-06 17:49:05','2009-01-06 17:49:05',NULL,NULL,NULL,NULL,'0.00'),(753,436,1235,1,'0.00',NULL,'2009-01-06 17:49:05','2009-01-06 17:49:05',NULL,NULL,NULL,NULL,'0.00'),(754,436,1235,1,'0.00',NULL,'2009-01-06 17:49:05','2009-01-06 17:49:05',NULL,NULL,NULL,NULL,'0.00'),(755,436,1235,1,'0.00',NULL,'2009-01-06 17:49:05','2009-01-06 17:49:05',NULL,NULL,NULL,NULL,'0.00'),(756,436,1235,1,'0.00',NULL,'2009-01-06 17:49:05','2009-01-06 17:49:05',NULL,NULL,NULL,NULL,'0.00'),(757,429,1178,2,'69.08','2009-01-12 00:18:17','2009-01-11 22:24:56','2009-01-12 00:37:42',NULL,NULL,'0.00',15,'20.72'),(758,429,1178,3,'69.08','2009-01-12 00:18:17','2009-01-11 22:24:56','2009-01-12 00:37:42',NULL,NULL,'0.00',15,'31.09'),(759,429,1178,1,'82.11','2009-01-12 00:38:09','2009-01-12 00:38:09','2009-01-12 00:38:32',NULL,NULL,'0.00',15,'12.32'),(761,437,1237,5,'5.00','2009-01-20 19:52:14','2009-01-20 17:25:12','2009-01-20 19:52:14',NULL,NULL,'0.00',34,'3.75'),(762,437,1238,8,'4.00','2009-01-20 19:53:39','2009-01-20 17:34:47','2009-01-20 19:53:39',NULL,NULL,'0.00',34,'4.80'),(763,437,1239,4,'5.00',NULL,'2009-01-20 17:58:40','2009-01-20 19:51:15',NULL,NULL,'0.00',34,'3.00'),(764,430,1240,1,'1.00','2009-01-22 13:51:16','2009-01-22 13:51:16','2009-01-22 13:51:16',NULL,NULL,'0.00',16,'0.15');
/*!40000 ALTER TABLE `lines` ENABLE KEYS */;
UNLOCK TABLES;

--
-- Table structure for table `movement_types`
--

DROP TABLE IF EXISTS `movement_types`;
SET @saved_cs_client     = @@character_set_client;
SET character_set_client = utf8;
CREATE TABLE `movement_types` (
  `id` int(11) NOT NULL auto_increment,
  `name` varchar(255) default NULL,
  `created_at` datetime default NULL,
  `updated_at` datetime default NULL,
  PRIMARY KEY  (`id`)
) ENGINE=InnoDB AUTO_INCREMENT=8 DEFAULT CHARSET=latin1;
SET character_set_client = @saved_cs_client;

--
-- Dumping data for table `movement_types`
--

LOCK TABLES `movement_types` WRITE;
/*!40000 ALTER TABLE `movement_types` DISABLE KEYS */;
INSERT INTO `movement_types` VALUES (1,'Venta','2008-11-06 17:39:09','2008-11-06 17:39:09'),(2,'Compra','2008-11-06 17:39:09','2008-11-06 17:39:09'),(3,'Transferencia','2008-11-06 17:39:09','2008-11-06 17:39:09'),(4,'Cuenta Fisica','2008-11-06 17:39:09','2008-11-06 17:39:09'),(5,'Devolucion de Venta',NULL,NULL),(6,'Devolucion de Compra',NULL,NULL),(7,'Devolucion de Transferencia',NULL,NULL);
/*!40000 ALTER TABLE `movement_types` ENABLE KEYS */;
UNLOCK TABLES;

--
-- Table structure for table `movements`
--

DROP TABLE IF EXISTS `movements`;
SET @saved_cs_client     = @@character_set_client;
SET character_set_client = utf8;
CREATE TABLE `movements` (
  `id` int(11) NOT NULL auto_increment,
  `entity_id` int(11) default NULL,
  `product_id` int(11) default NULL,
  `quantity` int(11) default NULL,
  `movement_type_id` int(11) default NULL,
  `user_id` int(11) default NULL,
  `created_at` datetime default NULL,
  `updated_at` datetime default NULL,
  `order_id` int(11) default NULL,
  `serialized_product_id` int(11) default NULL,
  `line_id` int(11) default NULL,
  `comments` text,
  PRIMARY KEY  (`id`)
) ENGINE=InnoDB AUTO_INCREMENT=5316 DEFAULT CHARSET=latin1;
SET character_set_client = @saved_cs_client;

--
-- Dumping data for table `movements`
--

LOCK TABLES `movements` WRITE;
/*!40000 ALTER TABLE `movements` DISABLE KEYS */;
INSERT INTO `movements` VALUES (5192,49,429,1,2,6,'2008-12-25 19:57:42','2008-12-25 19:57:42',1159,NULL,657,NULL),(5193,49,429,1,2,6,'2008-12-25 20:16:23','2008-12-25 20:16:23',1160,NULL,658,NULL),(5194,49,429,1,2,6,'2008-12-25 20:20:10','2008-12-25 20:20:10',1161,NULL,659,NULL),(5195,49,429,1,2,6,'2008-12-25 20:20:51','2008-12-25 20:20:51',1162,NULL,660,NULL),(5202,49,429,5,2,6,'2009-01-02 20:49:29','2009-01-02 20:49:29',1180,NULL,672,NULL),(5203,49,429,-5,6,6,'2009-01-02 20:49:51','2009-01-02 20:49:51',1180,NULL,672,NULL),(5204,49,429,3,2,6,'2009-01-02 20:49:59','2009-01-02 20:49:59',1180,NULL,672,NULL),(5205,49,429,1,2,6,'2009-01-02 20:52:38','2009-01-02 20:52:38',1180,NULL,673,NULL),(5206,49,429,1,2,6,'2009-01-02 20:55:29','2009-01-02 20:55:29',1162,NULL,674,NULL),(5207,49,429,1,2,6,'2009-01-02 20:55:55','2009-01-02 20:55:55',1162,NULL,675,NULL),(5208,49,432,1,2,6,'2009-01-02 21:05:39','2009-01-02 21:05:39',1181,1,676,NULL),(5209,49,432,1,2,6,'2009-01-02 21:05:39','2009-01-02 21:05:39',1181,2,677,NULL),(5210,49,432,1,2,6,'2009-01-02 21:05:39','2009-01-02 21:05:39',1181,3,678,NULL),(5211,49,432,1,2,6,'2009-01-02 21:09:56','2009-01-02 21:09:56',1182,4,679,NULL),(5212,49,432,1,2,6,'2009-01-02 21:16:13','2009-01-02 21:16:13',1183,5,680,NULL),(5213,49,432,1,2,6,'2009-01-02 21:20:22','2009-01-02 21:20:22',1186,6,681,NULL),(5214,49,432,1,2,6,'2009-01-02 21:20:52','2009-01-02 21:20:52',1187,7,682,NULL),(5215,49,429,1,2,6,'2009-01-03 20:08:33','2009-01-03 20:08:33',1188,NULL,683,NULL),(5216,49,NULL,1,2,6,'2009-01-03 20:08:33','2009-01-03 20:08:33',1188,8,684,NULL),(5217,49,NULL,-1,6,6,'2009-01-03 20:08:33','2009-01-03 20:08:33',1188,8,684,NULL),(5218,49,NULL,1,2,6,'2009-01-03 20:21:00','2009-01-03 20:21:00',1189,9,685,NULL),(5219,49,432,1,2,6,'2009-01-03 20:27:16','2009-01-03 20:27:16',1190,10,686,NULL),(5220,49,432,-1,6,6,'2009-01-03 21:05:26','2009-01-03 21:05:26',1190,10,686,NULL),(5221,49,432,1,2,6,'2009-01-03 21:05:45','2009-01-03 21:05:45',1190,11,686,NULL),(5222,49,432,1,2,6,'2009-01-03 21:17:05','2009-01-03 21:17:05',1190,12,687,NULL),(5223,49,NULL,1,2,6,'2009-01-03 21:22:11','2009-01-03 21:22:11',1191,13,688,NULL),(5224,49,NULL,1,2,6,'2009-01-03 21:42:50','2009-01-03 21:42:50',1192,14,689,NULL),(5225,49,432,1,2,6,'2009-01-03 21:49:57','2009-01-03 21:49:57',1193,15,690,NULL),(5226,49,NULL,1,2,6,'2009-01-03 21:51:16','2009-01-03 21:51:16',1194,16,691,NULL),(5227,49,432,-1,6,6,'2009-01-03 21:54:35','2009-01-03 21:54:35',1186,6,681,NULL),(5228,49,432,1,2,6,'2009-01-03 21:54:35','2009-01-03 21:54:35',1186,17,681,NULL),(5229,49,429,1,2,6,'2009-01-03 21:58:09','2009-01-03 21:58:09',1185,NULL,692,NULL),(5230,49,432,1,2,6,'2009-01-03 21:58:09','2009-01-03 21:58:09',1185,18,693,NULL),(5231,49,432,-1,6,6,'2009-01-03 21:58:09','2009-01-03 21:58:09',1185,18,693,NULL),(5232,49,432,1,2,6,'2009-01-03 21:59:30','2009-01-03 21:59:30',1195,19,694,NULL),(5233,49,NULL,1,2,6,'2009-01-03 22:18:42','2009-01-03 22:18:42',1196,20,695,NULL),(5234,49,NULL,1,2,6,'2009-01-03 22:22:28','2009-01-03 22:22:28',1197,21,696,NULL),(5235,49,NULL,1,2,6,'2009-01-03 22:26:25','2009-01-03 22:26:25',1198,22,697,NULL),(5236,49,NULL,1,2,6,'2009-01-03 22:29:08','2009-01-03 22:29:08',1199,23,698,NULL),(5237,49,NULL,1,2,6,'2009-01-03 22:30:40','2009-01-03 22:30:40',1200,24,699,NULL),(5238,49,NULL,1,2,6,'2009-01-03 22:31:20','2009-01-03 22:31:20',1202,25,701,NULL),(5239,49,NULL,1,2,6,'2009-01-03 22:32:50','2009-01-03 22:32:50',1203,26,702,NULL),(5240,49,NULL,1,2,6,'2009-01-03 22:33:35','2009-01-03 22:33:35',1204,27,703,NULL),(5241,49,NULL,1,2,6,'2009-01-03 22:35:25','2009-01-03 22:35:25',1205,28,704,NULL),(5242,49,NULL,1,2,6,'2009-01-03 22:38:01','2009-01-03 22:38:01',1206,29,705,NULL),(5243,49,NULL,1,2,6,'2009-01-03 22:47:24','2009-01-03 22:47:24',1207,30,706,NULL),(5244,49,NULL,1,2,6,'2009-01-03 22:49:16','2009-01-03 22:49:16',1208,31,707,NULL),(5245,49,NULL,1,2,6,'2009-01-03 22:54:17','2009-01-03 22:54:17',1210,32,708,NULL),(5246,49,NULL,1,2,6,'2009-01-03 22:56:04','2009-01-03 22:56:04',1211,33,709,NULL),(5247,49,NULL,1,2,6,'2009-01-03 22:59:50','2009-01-03 22:59:50',1212,34,710,NULL),(5248,49,NULL,1,2,6,'2009-01-03 23:02:47','2009-01-03 23:02:47',1213,35,711,NULL),(5249,49,NULL,1,2,6,'2009-01-03 23:13:06','2009-01-03 23:13:06',1217,38,712,NULL),(5250,49,NULL,1,2,6,'2009-01-03 23:14:37','2009-01-03 23:14:37',1218,39,713,NULL),(5251,49,432,-1,6,6,'2009-01-03 23:14:43','2009-01-03 23:14:43',1218,39,713,NULL),(5252,49,432,1,2,6,'2009-01-03 23:14:43','2009-01-03 23:14:43',1218,32,713,NULL),(5253,49,432,1,2,6,'2009-01-04 08:31:18','2009-01-04 08:31:18',1221,40,714,NULL),(5254,49,432,1,2,6,'2009-01-04 08:35:02','2009-01-04 08:35:02',1222,41,715,NULL),(5255,49,432,-1,6,6,'2009-01-04 08:56:28','2009-01-04 08:56:28',1222,41,715,NULL),(5256,49,432,1,2,6,'2009-01-04 08:57:01','2009-01-04 08:57:01',1222,42,715,NULL),(5257,49,432,-1,1,6,'2009-01-04 09:00:49','2009-01-04 09:00:49',1223,42,716,NULL),(5258,49,429,1,2,6,'2009-01-04 09:07:39','2009-01-04 09:07:39',1222,NULL,717,NULL),(5259,49,429,1,2,6,'2009-01-04 09:07:48','2009-01-04 09:07:48',1222,NULL,718,NULL),(5260,49,429,1,2,6,'2009-01-04 09:08:41','2009-01-04 09:08:41',1222,NULL,719,NULL),(5261,49,429,1,2,6,'2009-01-04 09:16:37','2009-01-04 09:16:37',1222,NULL,720,NULL),(5262,49,433,3,2,6,'2009-01-04 09:36:50','2009-01-04 09:36:50',1224,NULL,721,NULL),(5263,49,429,1,2,6,'2009-01-04 09:42:39','2009-01-04 09:42:39',1225,NULL,722,NULL),(5264,49,429,-1,6,6,'2009-01-04 09:44:30','2009-01-04 09:44:30',1225,NULL,722,NULL),(5265,49,429,1,2,6,'2009-01-04 09:44:39','2009-01-04 09:44:39',1225,NULL,722,NULL),(5266,49,429,-1,6,6,'2009-01-04 09:47:58','2009-01-04 09:47:58',1225,NULL,722,NULL),(5267,49,429,1,2,6,'2009-01-04 09:49:45','2009-01-04 09:49:45',1225,NULL,722,NULL),(5268,49,429,-1,6,6,'2009-01-04 10:29:59','2009-01-04 10:29:59',1225,NULL,722,NULL),(5269,49,429,1,2,6,'2009-01-04 10:32:00','2009-01-04 10:32:00',1225,NULL,722,NULL),(5270,49,429,-1,6,6,'2009-01-04 10:40:25','2009-01-04 10:40:25',1225,NULL,722,NULL),(5271,49,429,1,2,6,'2009-01-04 11:02:23','2009-01-04 11:02:23',1225,NULL,724,NULL),(5272,49,429,1,2,6,'2009-01-04 11:02:47','2009-01-04 11:02:47',1225,NULL,725,NULL),(5273,49,429,1,2,6,'2009-01-04 11:02:57','2009-01-04 11:02:57',1225,NULL,726,NULL),(5274,49,NULL,-1,1,6,'2009-01-04 11:07:06','2009-01-04 11:07:06',1226,32,727,NULL),(5275,49,429,1,2,6,'2009-01-04 11:53:18','2009-01-04 11:53:18',1216,NULL,728,NULL),(5276,49,429,-1,6,6,'2009-01-04 11:53:29','2009-01-04 11:53:29',1216,NULL,728,NULL),(5277,49,429,1,2,6,'2009-01-04 11:53:47','2009-01-04 11:53:47',1216,NULL,728,NULL),(5278,49,429,-1,6,6,'2009-01-04 11:58:39','2009-01-04 11:58:39',1216,NULL,728,NULL),(5279,49,432,1,2,6,'2009-01-04 12:39:23','2009-01-04 12:39:23',1228,43,729,NULL),(5280,49,432,1,2,6,'2009-01-04 12:45:54','2009-01-04 12:45:54',1230,44,730,NULL),(5281,49,434,1,2,6,'2009-01-04 18:45:29','2009-01-04 18:45:29',1231,45,731,NULL),(5282,49,434,1,2,6,'2009-01-04 18:48:52','2009-01-04 18:48:52',1231,46,732,NULL),(5283,49,434,1,2,6,'2009-01-04 18:49:13','2009-01-04 18:49:13',1231,47,733,NULL),(5284,49,434,1,2,6,'2009-01-04 18:49:13','2009-01-04 18:49:13',1231,48,734,NULL),(5285,49,434,1,2,6,'2009-01-04 18:50:12','2009-01-04 18:50:12',1231,45,735,NULL),(5286,49,435,5,2,6,'2009-01-04 21:52:57','2009-01-04 21:52:57',1232,NULL,736,NULL),(5287,49,436,1,2,6,'2009-01-04 21:54:07','2009-01-04 21:54:07',1232,49,737,NULL),(5288,49,436,1,2,6,'2009-01-04 21:54:07','2009-01-04 21:54:07',1232,50,738,NULL),(5289,49,436,1,2,6,'2009-01-04 21:54:07','2009-01-04 21:54:07',1232,51,739,NULL),(5290,49,436,-1,6,6,'2009-01-04 22:04:23','2009-01-04 22:04:23',1232,49,737,NULL),(5291,49,436,-1,6,6,'2009-01-04 22:04:23','2009-01-04 22:04:23',1232,50,738,NULL),(5292,49,436,-1,6,6,'2009-01-04 22:04:23','2009-01-04 22:04:23',1232,51,739,NULL),(5293,49,436,1,2,6,'2009-01-04 22:04:33','2009-01-04 22:04:33',1232,52,737,NULL),(5294,49,436,1,2,6,'2009-01-04 22:04:33','2009-01-04 22:04:33',1232,53,738,NULL),(5295,49,436,1,2,6,'2009-01-04 22:04:33','2009-01-04 22:04:33',1232,54,739,NULL),(5296,49,436,1,2,6,'2009-01-06 15:24:32','2009-01-06 15:24:32',1233,46,740,NULL),(5297,49,436,-1,1,6,'2009-01-06 15:26:27','2009-01-06 15:26:27',1234,46,748,NULL),(5298,49,429,-1,1,6,'2009-01-11 22:24:56','2009-01-11 22:24:56',1178,NULL,757,NULL),(5299,49,429,-1,1,6,'2009-01-11 22:24:56','2009-01-11 22:24:56',1178,NULL,758,NULL),(5300,49,429,1,5,6,'2009-01-11 23:35:05','2009-01-11 23:35:05',1178,NULL,757,NULL),(5301,49,429,1,5,6,'2009-01-11 23:35:05','2009-01-11 23:35:05',1178,NULL,758,NULL),(5302,49,429,-2,1,6,'2009-01-12 00:18:17','2009-01-12 00:18:17',1178,NULL,757,NULL),(5303,49,429,-3,1,6,'2009-01-12 00:18:17','2009-01-12 00:18:17',1178,NULL,758,NULL),(5304,49,429,-1,1,6,'2009-01-12 00:38:09','2009-01-12 00:38:09',1178,NULL,759,NULL),(5305,49,437,5,2,6,'2009-01-20 17:25:12','2009-01-20 17:25:12',1237,NULL,761,NULL),(5306,49,437,5,2,6,'2009-01-20 17:34:47','2009-01-20 17:34:47',1238,NULL,762,NULL),(5307,49,437,-5,6,6,'2009-01-20 17:46:03','2009-01-20 17:46:03',1238,NULL,762,NULL),(5308,49,437,8,2,6,'2009-01-20 17:46:19','2009-01-20 17:46:19',1238,NULL,762,NULL),(5309,49,437,4,2,6,'2009-01-20 17:58:40','2009-01-20 17:58:40',1239,NULL,763,NULL),(5310,49,437,-4,6,6,'2009-01-20 17:58:55','2009-01-20 17:58:55',1239,NULL,763,NULL),(5311,49,437,-5,6,6,'2009-01-20 19:51:56','2009-01-20 19:51:56',1237,NULL,761,NULL),(5312,49,437,5,2,6,'2009-01-20 19:52:14','2009-01-20 19:52:14',1237,NULL,761,NULL),(5313,49,437,-8,6,6,'2009-01-20 19:53:28','2009-01-20 19:53:28',1238,NULL,762,NULL),(5314,49,437,8,2,6,'2009-01-20 19:53:39','2009-01-20 19:53:39',1238,NULL,762,NULL),(5315,49,430,-1,1,6,'2009-01-22 13:51:16','2009-01-22 13:51:16',1240,NULL,764,NULL);
/*!40000 ALTER TABLE `movements` ENABLE KEYS */;
UNLOCK TABLES;

--
-- Table structure for table `orders`
--

DROP TABLE IF EXISTS `orders`;
SET @saved_cs_client     = @@character_set_client;
SET character_set_client = utf8;
CREATE TABLE `orders` (
  `id` int(11) NOT NULL auto_increment,
  `vendor_id` int(11) default NULL,
  `client_id` int(11) default NULL,
  `received` date default NULL,
  `ordered` date default NULL,
  `user_id` int(11) default NULL,
  `created_at` datetime default NULL,
  `updated_at` datetime default NULL,
  `serialized_product_id` int(11) default NULL,
  `last_batch` tinyint(1) default NULL,
  `receipt_printed` datetime default NULL,
  `receipt_number` int(11) default NULL,
  PRIMARY KEY  (`id`)
) ENGINE=InnoDB AUTO_INCREMENT=1241 DEFAULT CHARSET=latin1;
SET character_set_client = @saved_cs_client;

--
-- Dumping data for table `orders`
--

LOCK TABLES `orders` WRITE;
/*!40000 ALTER TABLE `orders` DISABLE KEYS */;
INSERT INTO `orders` VALUES (1159,48,49,NULL,'2008-12-25',6,'2008-12-25 19:57:42','2008-12-25 19:57:42',NULL,NULL,NULL,NULL),(1160,48,49,NULL,'2008-12-25',6,'2008-12-25 20:16:23','2008-12-25 20:16:23',NULL,NULL,NULL,NULL),(1161,48,49,NULL,'2008-12-25',6,'2008-12-25 20:20:10','2008-12-25 20:20:10',NULL,NULL,NULL,NULL),(1162,48,49,NULL,'2008-12-25',6,'2008-12-25 20:20:51','2008-12-25 20:20:51',NULL,NULL,NULL,NULL),(1163,48,49,NULL,'2009-01-02',6,'2009-01-02 12:51:16','2009-01-02 12:51:16',NULL,NULL,NULL,NULL),(1164,48,49,NULL,'2009-01-02',6,'2009-01-02 18:50:53','2009-01-02 18:50:53',NULL,NULL,NULL,NULL),(1165,49,NULL,NULL,'2009-01-02',6,'2009-01-02 18:55:00','2009-01-02 18:55:00',NULL,NULL,NULL,NULL),(1166,49,50,NULL,'2009-01-02',6,'2009-01-02 18:59:05','2009-01-02 18:59:05',NULL,NULL,NULL,NULL),(1167,49,51,NULL,'2009-01-02',6,'2009-01-02 19:00:41','2009-01-02 19:00:41',NULL,NULL,NULL,NULL),(1168,52,49,NULL,'2009-01-02',6,'2009-01-02 19:31:20','2009-01-02 19:31:20',NULL,NULL,NULL,NULL),(1169,52,49,NULL,'2009-01-02',6,'2009-01-02 19:32:18','2009-01-02 19:32:18',NULL,NULL,NULL,NULL),(1170,52,49,NULL,'2009-01-02',6,'2009-01-02 19:34:24','2009-01-02 19:34:24',NULL,NULL,NULL,NULL),(1171,53,49,NULL,'2009-01-02',6,'2009-01-02 19:35:44','2009-01-02 19:35:44',NULL,NULL,NULL,NULL),(1172,53,49,NULL,'2009-01-02',6,'2009-01-02 19:41:05','2009-01-02 19:41:05',NULL,NULL,NULL,NULL),(1173,53,49,NULL,'2009-01-02',6,'2009-01-02 19:45:25','2009-01-02 19:45:25',NULL,NULL,NULL,NULL),(1174,53,49,NULL,'2009-01-02',6,'2009-01-02 19:47:13','2009-01-02 19:50:28',NULL,NULL,NULL,NULL),(1175,49,NULL,NULL,'2009-01-02',6,'2009-01-02 19:58:11','2009-01-02 19:58:11',NULL,NULL,NULL,NULL),(1176,49,NULL,NULL,'2009-01-02',6,'2009-01-02 20:06:00','2009-01-02 20:06:00',NULL,NULL,NULL,NULL),(1177,49,NULL,NULL,'2009-01-02',6,'2009-01-02 20:07:29','2009-01-02 20:07:29',NULL,NULL,NULL,NULL),(1178,49,54,NULL,'2009-01-02',6,'2009-01-02 20:09:42','2009-01-02 20:09:42',NULL,NULL,NULL,NULL),(1179,48,49,NULL,'2009-01-02',6,'2009-01-02 20:27:35','2009-01-02 20:48:37',NULL,NULL,NULL,NULL),(1180,48,49,NULL,'2009-01-02',6,'2009-01-02 20:49:28','2009-01-02 20:49:28',NULL,NULL,NULL,NULL),(1181,48,49,NULL,'2009-01-02',6,'2009-01-02 21:05:39','2009-01-02 21:05:39',NULL,NULL,NULL,NULL),(1182,48,49,NULL,'2009-01-02',6,'2009-01-02 21:09:55','2009-01-02 21:09:55',NULL,NULL,NULL,NULL),(1183,48,49,NULL,'2009-01-02',6,'2009-01-02 21:16:13','2009-01-02 21:16:13',NULL,NULL,NULL,NULL),(1184,48,49,NULL,'2009-01-02',6,'2009-01-02 21:17:54','2009-01-02 21:17:54',NULL,NULL,NULL,NULL),(1185,48,49,NULL,'2009-01-02',6,'2009-01-02 21:20:01','2009-01-02 21:20:01',NULL,NULL,NULL,NULL),(1186,48,49,NULL,'2009-01-02',6,'2009-01-02 21:20:22','2009-01-02 21:20:22',NULL,NULL,NULL,NULL),(1187,48,49,NULL,'2009-01-02',6,'2009-01-02 21:20:52','2009-01-02 21:20:52',NULL,NULL,NULL,NULL),(1188,48,49,NULL,'2009-01-03',6,'2009-01-03 20:08:33','2009-01-03 20:08:33',NULL,NULL,NULL,NULL),(1189,48,49,NULL,'2009-01-03',6,'2009-01-03 20:20:21','2009-01-03 20:20:21',NULL,NULL,NULL,NULL),(1190,48,49,NULL,'2009-01-03',6,'2009-01-03 20:27:16','2009-01-03 20:27:16',NULL,NULL,NULL,NULL),(1191,48,49,NULL,'2009-01-03',6,'2009-01-03 21:22:11','2009-01-03 21:22:11',NULL,NULL,NULL,NULL),(1192,48,49,NULL,'2009-01-03',6,'2009-01-03 21:42:50','2009-01-03 21:42:50',NULL,NULL,NULL,NULL),(1193,48,49,NULL,'2009-01-03',6,'2009-01-03 21:49:57','2009-01-03 21:49:57',NULL,NULL,NULL,NULL),(1194,48,49,NULL,'2009-01-03',6,'2009-01-03 21:51:16','2009-01-03 21:51:16',NULL,NULL,NULL,NULL),(1195,48,49,NULL,'2009-01-03',6,'2009-01-03 21:59:29','2009-01-03 21:59:29',NULL,NULL,NULL,NULL),(1196,48,49,NULL,'2009-01-03',6,'2009-01-03 22:18:42','2009-01-03 22:18:42',NULL,NULL,NULL,NULL),(1197,48,49,NULL,'2009-01-03',6,'2009-01-03 22:22:28','2009-01-03 22:22:28',NULL,NULL,NULL,NULL),(1198,48,49,NULL,'2009-01-03',6,'2009-01-03 22:26:25','2009-01-03 22:26:25',NULL,NULL,NULL,NULL),(1199,48,49,NULL,'2009-01-03',6,'2009-01-03 22:29:08','2009-01-03 22:29:08',NULL,NULL,NULL,NULL),(1200,48,49,NULL,'2009-01-03',6,'2009-01-03 22:30:39','2009-01-03 22:30:39',NULL,NULL,NULL,NULL),(1201,48,49,NULL,'2009-01-03',6,'2009-01-03 22:31:02','2009-01-03 22:31:02',NULL,NULL,NULL,NULL),(1202,48,49,NULL,'2009-01-03',6,'2009-01-03 22:31:20','2009-01-03 22:31:20',NULL,NULL,NULL,NULL),(1203,48,49,NULL,'2009-01-03',6,'2009-01-03 22:32:50','2009-01-03 22:32:50',NULL,NULL,NULL,NULL),(1204,48,49,NULL,'2009-01-03',6,'2009-01-03 22:33:35','2009-01-03 22:33:35',NULL,NULL,NULL,NULL),(1205,48,49,NULL,'2009-01-03',6,'2009-01-03 22:35:25','2009-01-03 22:35:25',NULL,NULL,NULL,NULL),(1206,48,49,NULL,'2009-01-03',6,'2009-01-03 22:38:01','2009-01-03 22:38:01',NULL,NULL,NULL,NULL),(1207,48,49,NULL,'2009-01-03',6,'2009-01-03 22:47:24','2009-01-03 22:47:24',NULL,NULL,NULL,NULL),(1208,48,49,NULL,'2009-01-03',6,'2009-01-03 22:49:16','2009-01-03 22:49:16',NULL,NULL,NULL,NULL),(1209,48,49,NULL,'2009-01-03',6,'2009-01-03 22:53:40','2009-01-03 22:53:40',NULL,NULL,NULL,NULL),(1210,48,49,NULL,'2009-01-03',6,'2009-01-03 22:54:17','2009-01-03 22:54:17',NULL,NULL,NULL,NULL),(1211,48,49,NULL,'2009-01-03',6,'2009-01-03 22:56:04','2009-01-03 22:56:04',NULL,NULL,NULL,NULL),(1212,48,49,NULL,'2009-01-03',6,'2009-01-03 22:59:50','2009-01-03 22:59:50',NULL,NULL,NULL,NULL),(1213,48,49,NULL,'2009-01-03',6,'2009-01-03 23:02:47','2009-01-03 23:02:47',NULL,NULL,NULL,NULL),(1214,48,49,NULL,'2009-01-03',6,'2009-01-03 23:07:27','2009-01-03 23:07:27',NULL,NULL,NULL,NULL),(1215,48,49,NULL,'2009-01-03',6,'2009-01-03 23:12:05','2009-01-03 23:12:05',NULL,NULL,NULL,NULL),(1216,48,49,NULL,'2009-01-03',6,'2009-01-03 23:12:45','2009-01-03 23:12:45',NULL,NULL,NULL,NULL),(1217,48,49,NULL,'2009-01-03',6,'2009-01-03 23:13:06','2009-01-03 23:13:06',NULL,NULL,NULL,NULL),(1218,48,49,NULL,'2009-01-03',6,'2009-01-03 23:14:37','2009-01-03 23:14:37',NULL,NULL,NULL,NULL),(1219,48,49,NULL,'2009-01-04',6,'2009-01-04 08:27:00','2009-01-04 08:27:00',NULL,NULL,NULL,NULL),(1220,48,49,NULL,'2009-01-04',6,'2009-01-04 08:27:41','2009-01-04 08:27:41',NULL,NULL,NULL,NULL),(1221,48,49,NULL,'2009-01-04',6,'2009-01-04 08:31:17','2009-01-04 08:31:17',NULL,NULL,NULL,NULL),(1222,48,49,NULL,'2009-01-04',6,'2009-01-04 08:35:02','2009-01-04 08:35:02',NULL,NULL,NULL,NULL),(1223,49,53,NULL,'2009-01-04',6,'2009-01-04 09:00:49','2009-01-04 09:00:49',NULL,NULL,NULL,NULL),(1224,54,49,NULL,'2009-01-04',6,'2009-01-04 09:36:50','2009-01-04 09:36:50',NULL,NULL,NULL,NULL),(1225,48,49,NULL,'2009-01-04',6,'2009-01-04 09:42:39','2009-01-04 09:42:39',NULL,NULL,NULL,NULL),(1226,49,53,NULL,'2009-01-04',6,'2009-01-04 11:07:06','2009-01-04 11:07:06',NULL,NULL,NULL,NULL),(1227,49,53,NULL,'2009-01-04',6,'2009-01-04 11:13:27','2009-01-04 11:13:27',NULL,NULL,NULL,NULL),(1228,48,49,NULL,'2009-01-04',6,'2009-01-04 12:39:23','2009-01-04 12:39:23',NULL,NULL,NULL,NULL),(1229,49,53,NULL,'2009-01-04',6,'2009-01-04 12:43:41','2009-01-04 12:43:41',NULL,NULL,NULL,NULL),(1230,48,49,NULL,'2009-01-04',6,'2009-01-04 12:45:53','2009-01-04 12:45:53',NULL,NULL,NULL,NULL),(1231,48,49,NULL,'2009-01-04',6,'2009-01-04 18:45:29','2009-01-04 18:45:29',NULL,NULL,NULL,NULL),(1232,55,49,NULL,'2009-01-04',6,'2009-01-04 21:52:57','2009-01-04 21:52:57',NULL,NULL,NULL,NULL),(1233,55,49,NULL,'2009-01-06',6,'2009-01-06 15:23:29','2009-01-06 17:49:05',NULL,0,NULL,NULL),(1234,49,53,NULL,'2009-01-06',6,'2009-01-06 15:26:24','2009-01-06 15:26:24',NULL,NULL,NULL,NULL),(1235,55,49,NULL,NULL,6,'2009-01-06 17:49:05','2009-01-06 17:49:05',NULL,1,NULL,NULL),(1236,55,49,NULL,'2009-01-20',6,'2009-01-20 17:23:06','2009-01-20 17:23:06',NULL,NULL,NULL,NULL),(1237,55,49,NULL,'2009-01-20',6,'2009-01-20 17:25:12','2009-01-20 17:25:12',NULL,NULL,NULL,NULL),(1238,55,49,NULL,'2009-01-20',6,'2009-01-20 17:34:47','2009-01-20 20:44:27',NULL,NULL,NULL,2525345),(1239,55,49,NULL,'2009-01-20',6,'2009-01-20 17:58:40','2009-01-20 20:43:48',NULL,NULL,NULL,283646),(1240,49,53,NULL,'2009-01-22',6,'2009-01-22 13:46:47','2009-01-22 13:51:16',NULL,NULL,NULL,0);
/*!40000 ALTER TABLE `orders` ENABLE KEYS */;
UNLOCK TABLES;

--
-- Table structure for table `payment_methods`
--

DROP TABLE IF EXISTS `payment_methods`;
SET @saved_cs_client     = @@character_set_client;
SET character_set_client = utf8;
CREATE TABLE `payment_methods` (
  `id` int(11) NOT NULL auto_increment,
  `name` varchar(255) default NULL,
  `created_at` datetime default NULL,
  `updated_at` datetime default NULL,
  PRIMARY KEY  (`id`)
) ENGINE=InnoDB AUTO_INCREMENT=5 DEFAULT CHARSET=latin1;
SET character_set_client = @saved_cs_client;

--
-- Dumping data for table `payment_methods`
--

LOCK TABLES `payment_methods` WRITE;
/*!40000 ALTER TABLE `payment_methods` DISABLE KEYS */;
INSERT INTO `payment_methods` VALUES (1,'Efectivo','2008-11-06 17:39:09','2008-11-06 17:39:09'),(2,'Cheque','2008-11-06 17:39:09','2008-11-06 17:39:09'),(3,'Tarjeta de Credito','2008-11-06 17:39:09','2008-11-06 17:39:09'),(4,'Credito','2008-11-06 17:39:09','2008-11-06 17:39:09');
/*!40000 ALTER TABLE `payment_methods` ENABLE KEYS */;
UNLOCK TABLES;

--
-- Table structure for table `payments`
--

DROP TABLE IF EXISTS `payments`;
SET @saved_cs_client     = @@character_set_client;
SET character_set_client = utf8;
CREATE TABLE `payments` (
  `id` int(11) NOT NULL auto_increment,
  `order_id` int(11) default NULL,
  `amount` decimal(7,2) default NULL,
  `date` date default NULL,
  `payment_method_id` int(11) default NULL,
  `user_id` int(11) default NULL,
  `created_at` datetime default NULL,
  `updated_at` datetime default NULL,
  `given` decimal(7,2) default NULL,
  `returned` decimal(7,2) default NULL,
  `receipt_id` int(11) default NULL,
  PRIMARY KEY  (`id`)
) ENGINE=InnoDB AUTO_INCREMENT=14 DEFAULT CHARSET=latin1;
SET character_set_client = @saved_cs_client;

--
-- Dumping data for table `payments`
--

LOCK TABLES `payments` WRITE;
/*!40000 ALTER TABLE `payments` DISABLE KEYS */;
INSERT INTO `payments` VALUES (1,1223,'10.00',NULL,1,6,'2009-01-04 09:26:22','2009-01-04 09:26:22',NULL,NULL,13),(6,1178,'200.00',NULL,1,6,'2009-01-12 00:25:00','2009-01-12 00:25:00',NULL,NULL,13),(7,1178,'100.00',NULL,1,6,'2009-01-12 00:37:41','2009-01-12 00:37:42',NULL,NULL,14),(8,1178,'50.00',NULL,1,6,'2009-01-12 00:38:32','2009-01-12 00:38:32',NULL,NULL,15),(11,1159,'12.00',NULL,1,6,'2009-01-15 20:38:19','2009-01-15 20:38:19',NULL,NULL,NULL),(12,1159,'12.00',NULL,1,6,'2009-01-15 20:38:54','2009-01-15 20:38:54',NULL,NULL,NULL),(13,1159,'12.00',NULL,1,6,'2009-01-15 20:38:55','2009-01-15 20:38:55',NULL,NULL,NULL);
/*!40000 ALTER TABLE `payments` ENABLE KEYS */;
UNLOCK TABLES;

--
-- Table structure for table `price_group_names`
--

DROP TABLE IF EXISTS `price_group_names`;
SET @saved_cs_client     = @@character_set_client;
SET character_set_client = utf8;
CREATE TABLE `price_group_names` (
  `id` int(11) NOT NULL auto_increment,
  `name` varchar(255) default NULL,
  PRIMARY KEY  (`id`)
) ENGINE=MyISAM AUTO_INCREMENT=3 DEFAULT CHARSET=latin1;
SET character_set_client = @saved_cs_client;

--
-- Dumping data for table `price_group_names`
--

LOCK TABLES `price_group_names` WRITE;
/*!40000 ALTER TABLE `price_group_names` DISABLE KEYS */;
INSERT INTO `price_group_names` VALUES (1,'Standard'),(2,'Wholesale');
/*!40000 ALTER TABLE `price_group_names` ENABLE KEYS */;
UNLOCK TABLES;

--
-- Table structure for table `price_groups`
--

DROP TABLE IF EXISTS `price_groups`;
SET @saved_cs_client     = @@character_set_client;
SET character_set_client = utf8;
CREATE TABLE `price_groups` (
  `id` int(11) NOT NULL auto_increment,
  `price_group_name_id` int(11) default NULL,
  `entity_id` int(11) default NULL,
  PRIMARY KEY  (`id`)
) ENGINE=MyISAM AUTO_INCREMENT=4 DEFAULT CHARSET=latin1;
SET character_set_client = @saved_cs_client;

--
-- Dumping data for table `price_groups`
--

LOCK TABLES `price_groups` WRITE;
/*!40000 ALTER TABLE `price_groups` DISABLE KEYS */;
INSERT INTO `price_groups` VALUES (1,1,49),(2,1,58),(3,2,49);
/*!40000 ALTER TABLE `price_groups` ENABLE KEYS */;
UNLOCK TABLES;

--
-- Table structure for table `prices`
--

DROP TABLE IF EXISTS `prices`;
SET @saved_cs_client     = @@character_set_client;
SET character_set_client = utf8;
CREATE TABLE `prices` (
  `id` int(11) NOT NULL auto_increment,
  `price_group_id` int(11) default NULL,
  `product_id` int(11) default NULL,
  `fixed` decimal(7,2) default NULL,
  `relative` decimal(7,2) default NULL,
  `available` tinyint(1) default NULL,
  PRIMARY KEY  (`id`)
) ENGINE=MyISAM AUTO_INCREMENT=32 DEFAULT CHARSET=latin1;
SET character_set_client = @saved_cs_client;

--
-- Dumping data for table `prices`
--

LOCK TABLES `prices` WRITE;
/*!40000 ALTER TABLE `prices` DISABLE KEYS */;
INSERT INTO `prices` VALUES (5,1,429,'10.00',NULL,1),(6,2,429,NULL,NULL,NULL),(7,3,429,'8.00',NULL,1),(8,1,430,'0.10',NULL,1),(9,2,430,NULL,NULL,NULL),(10,3,430,NULL,NULL,1),(11,1,431,NULL,NULL,0),(12,2,431,NULL,NULL,NULL),(13,3,431,NULL,NULL,0),(14,1,432,NULL,NULL,1),(15,2,432,NULL,NULL,NULL),(16,3,432,NULL,NULL,1),(17,1,433,NULL,NULL,1),(18,2,433,NULL,NULL,NULL),(19,3,433,NULL,NULL,0),(20,1,434,NULL,NULL,1),(21,2,434,NULL,NULL,NULL),(22,3,434,NULL,NULL,1),(23,1,435,NULL,NULL,0),(24,2,435,NULL,NULL,NULL),(25,3,435,NULL,NULL,0),(26,1,436,NULL,NULL,0),(27,2,436,NULL,NULL,NULL),(28,3,436,NULL,NULL,0),(29,1,437,NULL,NULL,0),(30,2,437,NULL,NULL,NULL),(31,3,437,NULL,NULL,0);
/*!40000 ALTER TABLE `prices` ENABLE KEYS */;
UNLOCK TABLES;

--
-- Table structure for table `privileges`
--

DROP TABLE IF EXISTS `privileges`;
SET @saved_cs_client     = @@character_set_client;
SET character_set_client = utf8;
CREATE TABLE `privileges` (
  `id` int(11) NOT NULL auto_increment,
  `name` varchar(255) default NULL,
  `created_at` datetime default NULL,
  `updated_at` datetime default NULL,
  PRIMARY KEY  (`id`)
) ENGINE=InnoDB DEFAULT CHARSET=latin1;
SET character_set_client = @saved_cs_client;

--
-- Dumping data for table `privileges`
--

LOCK TABLES `privileges` WRITE;
/*!40000 ALTER TABLE `privileges` DISABLE KEYS */;
/*!40000 ALTER TABLE `privileges` ENABLE KEYS */;
UNLOCK TABLES;

--
-- Table structure for table `product_categories`
--

DROP TABLE IF EXISTS `product_categories`;
SET @saved_cs_client     = @@character_set_client;
SET character_set_client = utf8;
CREATE TABLE `product_categories` (
  `id` int(11) NOT NULL auto_increment,
  `name` varchar(255) default '',
  PRIMARY KEY  (`id`)
) ENGINE=MyISAM AUTO_INCREMENT=7 DEFAULT CHARSET=latin1;
SET character_set_client = @saved_cs_client;

--
-- Dumping data for table `product_categories`
--

LOCK TABLES `product_categories` WRITE;
/*!40000 ALTER TABLE `product_categories` DISABLE KEYS */;
INSERT INTO `product_categories` VALUES (6,'Animals');
/*!40000 ALTER TABLE `product_categories` ENABLE KEYS */;
UNLOCK TABLES;

--
-- Table structure for table `product_types`
--

DROP TABLE IF EXISTS `product_types`;
SET @saved_cs_client     = @@character_set_client;
SET character_set_client = utf8;
CREATE TABLE `product_types` (
  `id` int(11) NOT NULL auto_increment,
  `name` varchar(255) default NULL,
  `created_at` datetime default NULL,
  `updated_at` datetime default NULL,
  PRIMARY KEY  (`id`)
) ENGINE=InnoDB AUTO_INCREMENT=5 DEFAULT CHARSET=latin1;
SET character_set_client = @saved_cs_client;

--
-- Dumping data for table `product_types`
--

LOCK TABLES `product_types` WRITE;
/*!40000 ALTER TABLE `product_types` DISABLE KEYS */;
INSERT INTO `product_types` VALUES (1,'Simple','2008-11-27 20:39:40','2008-11-27 20:39:40'),(2,'Discount',NULL,NULL),(3,'Warranty',NULL,NULL),(4,'Service',NULL,NULL);
/*!40000 ALTER TABLE `product_types` ENABLE KEYS */;
UNLOCK TABLES;

--
-- Table structure for table `products`
--

DROP TABLE IF EXISTS `products`;
SET @saved_cs_client     = @@character_set_client;
SET character_set_client = utf8;
CREATE TABLE `products` (
  `id` int(11) NOT NULL auto_increment,
  `name` varchar(255) default NULL,
  `description` text,
  `vendor_id` int(11) default NULL,
  `static_price` decimal(5,2) default NULL,
  `cost` decimal(5,2) default NULL,
  `upc` varchar(255) default NULL,
  `unit_id` int(11) default NULL,
  `location` varchar(255) default NULL,
  `created_at` datetime default NULL,
  `updated_at` datetime default NULL,
  `model` varchar(255) default NULL,
  `serialized` tinyint(1) default NULL,
  `serialized_product_id` int(11) default NULL,
  `product_type_id` int(11) default NULL,
  `relative_price` decimal(5,2) default NULL,
  `product_category_id` int(11) default NULL,
  PRIMARY KEY  (`id`)
) ENGINE=InnoDB AUTO_INCREMENT=438 DEFAULT CHARSET=latin1;
SET character_set_client = @saved_cs_client;

--
-- Dumping data for table `products`
--

LOCK TABLES `products` WRITE;
/*!40000 ALTER TABLE `products` DISABLE KEYS */;
INSERT INTO `products` VALUES (429,'Cat','',48,NULL,'4.56','123',7,'','2008-12-25 19:57:16','2009-01-20 20:08:17',NULL,0,NULL,1,'1.25',6),(430,'Minutos de Uso del Internet','',NULL,'1.00','0.00','546',8,'','2008-12-26 20:20:22','2009-01-22 13:47:46',NULL,0,NULL,4,NULL,NULL),(431,'zoom','',48,NULL,'0.00','555',7,'','2009-01-02 12:39:14','2009-01-20 20:08:17',NULL,0,NULL,NULL,NULL,NULL),(432,'Dog','\r\n',48,NULL,'1.63','222',7,'','2009-01-02 12:39:48','2009-01-20 20:08:17',NULL,1,NULL,NULL,NULL,NULL),(433,'Latop','',54,NULL,'5.00','131414562636545',7,'','2009-01-04 09:33:45','2009-01-20 20:08:17','inspiron 1420',0,NULL,NULL,NULL,NULL),(434,'Bird','',48,NULL,'5.00','111',7,'','2009-01-04 18:44:47','2009-01-20 20:08:17','parakeet',1,NULL,NULL,NULL,NULL),(435,'Titebond','',55,NULL,'5.00','037083050639',7,'','2009-01-04 21:52:13','2009-01-20 20:08:17','5063',0,NULL,NULL,NULL,NULL),(436,'trap','',55,NULL,'5.00','55555',7,'','2009-01-04 21:53:38','2009-01-20 20:08:17','asd',1,NULL,NULL,NULL,NULL),(437,'camisa blanca','Grande',48,NULL,'4.38','12345666',7,'','2009-01-06 17:47:12','2009-01-20 20:44:27','',0,NULL,NULL,'1.25',NULL);
/*!40000 ALTER TABLE `products` ENABLE KEYS */;
UNLOCK TABLES;

--
-- Table structure for table `receipts`
--

DROP TABLE IF EXISTS `receipts`;
SET @saved_cs_client     = @@character_set_client;
SET character_set_client = utf8;
CREATE TABLE `receipts` (
  `id` int(11) NOT NULL auto_increment,
  `order_id` int(11) default NULL,
  `created_at` datetime default NULL,
  `updated_at` datetime default NULL,
  PRIMARY KEY  (`id`)
) ENGINE=MyISAM AUTO_INCREMENT=16 DEFAULT CHARSET=latin1;
SET character_set_client = @saved_cs_client;

--
-- Dumping data for table `receipts`
--

LOCK TABLES `receipts` WRITE;
/*!40000 ALTER TABLE `receipts` DISABLE KEYS */;
INSERT INTO `receipts` VALUES (15,1178,'2009-01-12 00:38:32','2009-01-12 00:38:32'),(14,1178,'2009-01-12 00:37:42','2009-01-12 00:37:42'),(13,1178,'2009-01-12 00:26:44','2009-01-12 00:26:49');
/*!40000 ALTER TABLE `receipts` ENABLE KEYS */;
UNLOCK TABLES;

--
-- Table structure for table `requirements`
--

DROP TABLE IF EXISTS `requirements`;
SET @saved_cs_client     = @@character_set_client;
SET character_set_client = utf8;
CREATE TABLE `requirements` (
  `id` int(11) NOT NULL auto_increment,
  `product_id` int(11) default NULL,
  `required_id` int(11) default NULL,
  `quantity` int(11) default NULL,
  PRIMARY KEY  (`id`)
) ENGINE=MyISAM AUTO_INCREMENT=25 DEFAULT CHARSET=latin1;
SET character_set_client = @saved_cs_client;

--
-- Dumping data for table `requirements`
--

LOCK TABLES `requirements` WRITE;
/*!40000 ALTER TABLE `requirements` DISABLE KEYS */;
/*!40000 ALTER TABLE `requirements` ENABLE KEYS */;
UNLOCK TABLES;

--
-- Table structure for table `roles`
--

DROP TABLE IF EXISTS `roles`;
SET @saved_cs_client     = @@character_set_client;
SET character_set_client = utf8;
CREATE TABLE `roles` (
  `id` int(11) NOT NULL auto_increment,
  `title` varchar(255) default NULL,
  `user_id` int(11) default NULL,
  `created_at` datetime default NULL,
  `updated_at` datetime default NULL,
  PRIMARY KEY  (`id`)
) ENGINE=InnoDB AUTO_INCREMENT=5 DEFAULT CHARSET=latin1;
SET character_set_client = @saved_cs_client;

--
-- Dumping data for table `roles`
--

LOCK TABLES `roles` WRITE;
/*!40000 ALTER TABLE `roles` DISABLE KEYS */;
INSERT INTO `roles` VALUES (1,'ventas',NULL,NULL,NULL),(2,'admin',NULL,NULL,NULL),(3,'compras',NULL,NULL,NULL),(4,'inventario',NULL,NULL,NULL);
/*!40000 ALTER TABLE `roles` ENABLE KEYS */;
UNLOCK TABLES;

--
-- Table structure for table `roles_users`
--

DROP TABLE IF EXISTS `roles_users`;
SET @saved_cs_client     = @@character_set_client;
SET character_set_client = utf8;
CREATE TABLE `roles_users` (
  `id` int(11) NOT NULL auto_increment,
  `user_id` int(11) default NULL,
  `role_id` int(11) default NULL,
  `created_at` datetime default NULL,
  `updated_at` datetime default NULL,
  PRIMARY KEY  (`id`)
) ENGINE=InnoDB AUTO_INCREMENT=13 DEFAULT CHARSET=latin1;
SET character_set_client = @saved_cs_client;

--
-- Dumping data for table `roles_users`
--

LOCK TABLES `roles_users` WRITE;
/*!40000 ALTER TABLE `roles_users` DISABLE KEYS */;
INSERT INTO `roles_users` VALUES (1,3,1,NULL,NULL),(4,6,4,NULL,NULL),(5,6,1,NULL,NULL),(12,6,2,NULL,NULL);
/*!40000 ALTER TABLE `roles_users` ENABLE KEYS */;
UNLOCK TABLES;

--
-- Table structure for table `schema_info`
--

DROP TABLE IF EXISTS `schema_info`;
SET @saved_cs_client     = @@character_set_client;
SET character_set_client = utf8;
CREATE TABLE `schema_info` (
  `version` int(11) default NULL
) ENGINE=MyISAM DEFAULT CHARSET=latin1;
SET character_set_client = @saved_cs_client;

--
-- Dumping data for table `schema_info`
--

LOCK TABLES `schema_info` WRITE;
/*!40000 ALTER TABLE `schema_info` DISABLE KEYS */;
INSERT INTO `schema_info` VALUES (38);
/*!40000 ALTER TABLE `schema_info` ENABLE KEYS */;
UNLOCK TABLES;

--
-- Table structure for table `schema_migrations`
--

DROP TABLE IF EXISTS `schema_migrations`;
SET @saved_cs_client     = @@character_set_client;
SET character_set_client = utf8;
CREATE TABLE `schema_migrations` (
  `version` varchar(255) NOT NULL,
  UNIQUE KEY `unique_schema_migrations` (`version`)
) ENGINE=InnoDB DEFAULT CHARSET=latin1;
SET character_set_client = @saved_cs_client;

--
-- Dumping data for table `schema_migrations`
--

LOCK TABLES `schema_migrations` WRITE;
/*!40000 ALTER TABLE `schema_migrations` DISABLE KEYS */;
INSERT INTO `schema_migrations` VALUES ('1'),('10'),('11'),('12'),('13'),('14'),('15'),('16'),('17'),('18'),('2'),('20'),('20081209145242'),('20081209161439'),('21'),('22'),('23'),('24'),('25'),('26'),('27'),('28'),('29'),('3'),('30'),('31'),('32'),('33'),('34'),('35'),('36'),('37'),('38'),('5'),('6'),('7'),('8'),('9');
/*!40000 ALTER TABLE `schema_migrations` ENABLE KEYS */;
UNLOCK TABLES;

--
-- Table structure for table `serialized_products`
--

DROP TABLE IF EXISTS `serialized_products`;
SET @saved_cs_client     = @@character_set_client;
SET character_set_client = utf8;
CREATE TABLE `serialized_products` (
  `id` int(11) NOT NULL auto_increment,
  `created_at` datetime default NULL,
  `updated_at` datetime default NULL,
  `serial_number` int(11) default NULL,
  `product_id` int(11) default NULL,
  PRIMARY KEY  (`id`)
) ENGINE=InnoDB AUTO_INCREMENT=55 DEFAULT CHARSET=latin1;
SET character_set_client = @saved_cs_client;

--
-- Dumping data for table `serialized_products`
--

LOCK TABLES `serialized_products` WRITE;
/*!40000 ALTER TABLE `serialized_products` DISABLE KEYS */;
INSERT INTO `serialized_products` VALUES (1,'2009-01-02 21:05:39','2009-01-02 21:05:39',1,432),(2,'2009-01-02 21:05:39','2009-01-02 21:05:39',2,432),(3,'2009-01-02 21:05:39','2009-01-02 21:05:39',3,432),(4,'2009-01-02 21:09:56','2009-01-02 21:09:56',4,432),(5,'2009-01-02 21:16:13','2009-01-02 21:16:13',5,432),(6,'2009-01-02 21:17:54','2009-01-03 21:54:22',6,432),(7,'2009-01-02 21:20:52','2009-01-02 21:20:52',7,432),(8,'2009-01-03 20:08:33','2009-01-03 20:08:33',123566,432),(9,'2009-01-03 20:21:00','2009-01-03 20:21:00',876888,432),(10,'2009-01-03 20:27:16','2009-01-03 20:27:16',9595959,432),(11,'2009-01-03 21:05:45','2009-01-03 21:05:45',14444,432),(12,'2009-01-03 21:17:05','2009-01-03 21:17:05',958874734,432),(13,'2009-01-03 21:22:11','2009-01-03 21:25:44',99999,432),(14,'2009-01-03 21:42:50','2009-01-03 21:42:50',41414,432),(15,'2009-01-03 21:49:57','2009-01-03 21:49:57',15151515,432),(16,'2009-01-03 21:51:16','2009-01-03 21:51:57',515151111,432),(17,'2009-01-03 21:54:35','2009-01-03 21:54:35',666,432),(18,'2009-01-03 21:58:09','2009-01-03 21:58:09',77,432),(19,'2009-01-03 21:59:29','2009-01-03 21:59:29',0,432),(20,'2009-01-03 22:18:42','2009-01-03 22:18:42',1414414141,432),(21,'2009-01-03 22:22:28','2009-01-03 22:22:28',13133333,432),(22,'2009-01-03 22:26:25','2009-01-03 22:26:45',1313133,432),(23,'2009-01-03 22:29:08','2009-01-03 22:29:19',2626,432),(24,'2009-01-03 22:30:40','2009-01-03 22:30:40',51555,432),(25,'2009-01-03 22:31:20','2009-01-03 22:31:20',1315666,432),(26,'2009-01-03 22:32:50','2009-01-03 22:32:50',131333,432),(27,'2009-01-03 22:33:35','2009-01-03 22:33:46',45678,432),(28,'2009-01-03 22:35:25','2009-01-03 22:35:25',561614,432),(29,'2009-01-03 22:38:01','2009-01-03 22:47:07',13145455,432),(30,'2009-01-03 22:47:24','2009-01-03 22:47:24',1415144,432),(31,'2009-01-03 22:49:16','2009-01-03 22:49:16',18236,432),(32,'2009-01-03 22:54:17','2009-01-03 23:14:42',2147483647,432),(33,'2009-01-03 22:56:04','2009-01-03 22:56:04',1234876243,432),(34,'2009-01-03 22:59:50','2009-01-03 22:59:50',123498273,432),(35,'2009-01-03 23:02:47','2009-01-03 23:02:47',912832764,432),(36,'2009-01-03 23:12:05','2009-01-03 23:12:05',2147483647,432),(37,'2009-01-03 23:12:45','2009-01-03 23:12:45',2147483647,432),(38,'2009-01-03 23:13:06','2009-01-03 23:13:06',2147483647,432),(39,'2009-01-03 23:14:37','2009-01-03 23:14:37',2147483647,432),(40,'2009-01-04 08:31:17','2009-01-04 08:31:18',2147483647,432),(41,'2009-01-04 08:35:02','2009-01-04 08:35:02',327346374,432),(42,'2009-01-04 08:57:01','2009-01-04 08:57:01',88765432,432),(43,'2009-01-04 12:39:23','2009-01-04 12:39:23',2147483647,432),(44,'2009-01-04 12:45:53','2009-01-04 12:45:53',2147483647,432),(45,'2009-01-04 18:45:29','2009-01-04 18:45:29',111,434),(46,'2009-01-04 18:48:52','2009-01-04 18:48:52',222,434),(47,'2009-01-04 18:49:13','2009-01-04 18:49:13',333,434),(48,'2009-01-04 18:49:13','2009-01-04 18:49:13',444,434),(49,'2009-01-04 21:54:07','2009-01-04 21:54:07',54545,436),(50,'2009-01-04 21:54:07','2009-01-04 21:54:07',43434,436),(51,'2009-01-04 21:54:07','2009-01-04 21:54:07',32323,436),(52,'2009-01-04 22:04:33','2009-01-04 22:04:33',11111,436),(53,'2009-01-04 22:04:33','2009-01-04 22:04:33',22222,436),(54,'2009-01-04 22:04:33','2009-01-04 22:04:33',33333,436);
/*!40000 ALTER TABLE `serialized_products` ENABLE KEYS */;
UNLOCK TABLES;

--
-- Table structure for table `states`
--

DROP TABLE IF EXISTS `states`;
SET @saved_cs_client     = @@character_set_client;
SET character_set_client = utf8;
CREATE TABLE `states` (
  `id` int(11) NOT NULL auto_increment,
  `name` varchar(255) default NULL,
  PRIMARY KEY  (`id`)
) ENGINE=MyISAM AUTO_INCREMENT=2 DEFAULT CHARSET=latin1;
SET character_set_client = @saved_cs_client;

--
-- Dumping data for table `states`
--

LOCK TABLES `states` WRITE;
/*!40000 ALTER TABLE `states` DISABLE KEYS */;
INSERT INTO `states` VALUES (1,'Santa Ana');
/*!40000 ALTER TABLE `states` ENABLE KEYS */;
UNLOCK TABLES;

--
-- Table structure for table `units`
--

DROP TABLE IF EXISTS `units`;
SET @saved_cs_client     = @@character_set_client;
SET character_set_client = utf8;
CREATE TABLE `units` (
  `id` int(11) NOT NULL auto_increment,
  `name` varchar(255) default NULL,
  `created_at` datetime default NULL,
  `updated_at` datetime default NULL,
  PRIMARY KEY  (`id`)
) ENGINE=InnoDB AUTO_INCREMENT=9 DEFAULT CHARSET=latin1;
SET character_set_client = @saved_cs_client;

--
-- Dumping data for table `units`
--

LOCK TABLES `units` WRITE;
/*!40000 ALTER TABLE `units` DISABLE KEYS */;
INSERT INTO `units` VALUES (7,'cada uno','2008-12-25 19:57:16','2008-12-25 19:57:16'),(8,'Hora','2008-12-26 20:20:22','2008-12-26 20:20:22');
/*!40000 ALTER TABLE `units` ENABLE KEYS */;
UNLOCK TABLES;

--
-- Table structure for table `user_privileges`
--

DROP TABLE IF EXISTS `user_privileges`;
SET @saved_cs_client     = @@character_set_client;
SET character_set_client = utf8;
CREATE TABLE `user_privileges` (
  `id` int(11) NOT NULL auto_increment,
  `user_id` int(11) default NULL,
  `privilege_id` int(11) default NULL,
  `created_at` datetime default NULL,
  `updated_at` datetime default NULL,
  PRIMARY KEY  (`id`)
) ENGINE=InnoDB AUTO_INCREMENT=6 DEFAULT CHARSET=latin1;
SET character_set_client = @saved_cs_client;

--
-- Dumping data for table `user_privileges`
--

LOCK TABLES `user_privileges` WRITE;
/*!40000 ALTER TABLE `user_privileges` DISABLE KEYS */;
INSERT INTO `user_privileges` VALUES (1,1,1,NULL,NULL),(2,6,1,NULL,NULL),(3,6,3,NULL,NULL),(4,6,2,NULL,NULL),(5,6,4,NULL,NULL);
/*!40000 ALTER TABLE `user_privileges` ENABLE KEYS */;
UNLOCK TABLES;

--
-- Table structure for table `users`
--

DROP TABLE IF EXISTS `users`;
SET @saved_cs_client     = @@character_set_client;
SET character_set_client = utf8;
CREATE TABLE `users` (
  `id` int(11) NOT NULL auto_increment,
  `login` varchar(255) default NULL,
  `email` varchar(255) default NULL,
  `crypted_password` varchar(40) default NULL,
  `salt` varchar(40) default NULL,
  `created_at` datetime default NULL,
  `updated_at` datetime default NULL,
  `remember_token` varchar(255) default NULL,
  `remember_token_expires_at` datetime default NULL,
  `location_id` int(11) default NULL,
  `role_id` int(11) default NULL,
  `default_received` tinyint(1) default NULL,
  `price_group_name_id` int(11) default NULL,
  PRIMARY KEY  (`id`)
) ENGINE=InnoDB AUTO_INCREMENT=8 DEFAULT CHARSET=latin1;
SET character_set_client = @saved_cs_client;

--
-- Dumping data for table `users`
--

LOCK TABLES `users` WRITE;
/*!40000 ALTER TABLE `users` DISABLE KEYS */;
INSERT INTO `users` VALUES (1,'Esta Gislason',NULL,NULL,NULL,'2008-11-27 10:06:00','2008-11-27 10:06:00',NULL,NULL,3,NULL,1,NULL),(2,'Mr. Emilie Douglas',NULL,NULL,NULL,'2008-11-27 10:06:00','2008-11-27 10:06:00',NULL,NULL,2,NULL,1,NULL),(3,'Maybelle Wuckert',NULL,NULL,NULL,'2008-11-27 10:06:00','2008-11-27 10:06:00',NULL,NULL,3,NULL,1,NULL),(4,'Rozella Fahey',NULL,NULL,NULL,'2008-11-27 10:06:00','2008-11-27 10:06:00',NULL,NULL,4,NULL,1,NULL),(5,'Mrs. Danielle Satterfield',NULL,NULL,NULL,'2008-11-27 10:06:00','2008-11-27 10:06:00',NULL,NULL,1,NULL,1,NULL),(6,'jmartin','jmartin@ad.null','9f803226990e8cd39890d87eb2e61ee9c5359b92','b41e5fb0c70973c725b3d47dd8bfb99780da3a0b','2008-11-27 20:48:57','2009-01-24 18:00:20',NULL,NULL,49,NULL,1,1),(7,'usuario','jmartin@asd.ad','7189947870b9c6de68641d214c669552894a9c2e','50473b60299ed8e86660b89055be0e99e445b17d','2008-12-14 20:50:04','2008-12-14 20:50:53',NULL,NULL,4,NULL,NULL,NULL);
/*!40000 ALTER TABLE `users` ENABLE KEYS */;
UNLOCK TABLES;

--
-- Table structure for table `warranties`
--

DROP TABLE IF EXISTS `warranties`;
SET @saved_cs_client     = @@character_set_client;
SET character_set_client = utf8;
CREATE TABLE `warranties` (
  `id` int(11) NOT NULL auto_increment,
  `product_id` int(11) default NULL,
  `price` decimal(7,2) default NULL,
  `months` int(11) default NULL,
  PRIMARY KEY  (`id`)
) ENGINE=MyISAM AUTO_INCREMENT=35 DEFAULT CHARSET=latin1;
SET character_set_client = @saved_cs_client;

--
-- Dumping data for table `warranties`
--

LOCK TABLES `warranties` WRITE;
/*!40000 ALTER TABLE `warranties` DISABLE KEYS */;
INSERT INTO `warranties` VALUES (15,429,'0.00',0),(16,430,'0.00',0),(17,431,'0.00',0),(18,432,'0.00',0),(19,432,'15.00',12),(21,432,'10.00',6),(22,429,'6.00',6),(23,429,'12.00',12),(24,431,'6.00',6),(25,433,'0.00',0),(26,434,'0.00',0),(27,435,'0.00',0),(28,436,'0.00',0),(29,NULL,'0.00',0),(30,NULL,'0.00',0),(31,NULL,'0.00',0),(32,NULL,'0.00',0),(33,NULL,'0.00',0),(34,437,'0.00',0);
/*!40000 ALTER TABLE `warranties` ENABLE KEYS */;
UNLOCK TABLES;
/*!40103 SET TIME_ZONE=@OLD_TIME_ZONE */;

/*!40101 SET SQL_MODE=@OLD_SQL_MODE */;
/*!40014 SET FOREIGN_KEY_CHECKS=@OLD_FOREIGN_KEY_CHECKS */;
/*!40014 SET UNIQUE_CHECKS=@OLD_UNIQUE_CHECKS */;
/*!40101 SET CHARACTER_SET_CLIENT=@OLD_CHARACTER_SET_CLIENT */;
/*!40101 SET CHARACTER_SET_RESULTS=@OLD_CHARACTER_SET_RESULTS */;
/*!40101 SET COLLATION_CONNECTION=@OLD_COLLATION_CONNECTION */;
/*!40111 SET SQL_NOTES=@OLD_SQL_NOTES */;

-- Dump completed on 2009-01-25  0:22:10
